id,ru,en
WEEKDAY_SHORT_MON,–ü–Ω,Mon
WEEKDAY_SHORT_TUE,–í—Ç,Tue
WEEKDAY_SHORT_WED,–°—Ä,Wed
WEEKDAY_SHORT_THU,–ß—Ç,Thu
WEEKDAY_SHORT_FRI,–ü—Ç,Fri
WEEKDAY_SHORT_SAT,–°–±,Sat
WEEKDAY_SHORT_SUN,–í—Å,Sun
WEEKDAY_FULL_MON,–ü–æ–Ω–µ–¥–µ–ª—å–Ω–∏–∫,Monday
WEEKDAY_FULL_TUE,–í—Ç–æ—Ä–Ω–∏–∫,Tuesday
WEEKDAY_FULL_WED,–°—Ä–µ–¥–∞,Wednesday
WEEKDAY_FULL_THU,–ß–µ—Ç–≤–µ—Ä–≥,Thursday
WEEKDAY_FULL_FRI,–ü—è—Ç–Ω–∏—Ü–∞,Friday
WEEKDAY_FULL_SAT,–°—É–±–±–æ—Ç–∞,Saturday
WEEKDAY_FULL_SUN,–í–æ—Å–∫—Ä–µ—Å–µ–Ω—å–µ,Sunday
DATE_FORMAT,"–ú–µ—Å. %d, –î–µ–Ω—å %d (%s)","Mo. %d, Day %d (%s)"
DATE_FORMAT_SHORT,"–ú–µ—Å. %d, –î–µ–Ω—å %d","Mo. %d, Day %d"
TRAIT_FAST_LEARNER,üß† –ë—ã—Å—Ç—Ä—ã–π —É–º,üß† Fast Learner
TRAIT_ENERGIZER,‚ö° –≠–Ω–µ—Ä–¥–∂–∞–π–∑–µ—Ä,‚ö° Energizer
TRAIT_EARLY_BIRD,üê¶ –†–∞–Ω–Ω—è—è –ø—Ç–∞—à–∫–∞,üê¶ Early Bird
TRAIT_CHEAP_HIRE,üí∞ –°–∫—Ä–æ–º–Ω—ã–π,üí∞ Modest
TRAIT_TOILET_LOVER,üöΩ –õ—é–±–∏—Ç –ø–æ–∫–∞–∫–∞—Ç—å,üöΩ Toilet Lover
TRAIT_COFFEE_LOVER,‚òï –ö–æ—Ñ–µ–º–∞–Ω,‚òï Coffee Addict
TRAIT_SLOWPOKE,üêå –¢–æ—Ä–º–æ–∑,üêå Slowpoke
TRAIT_EXPENSIVE,üí∏ –ó–∞–∑–Ω–∞–π–∫–∞,üí∏ Pricey
TRAIT_DESC_FAST_LEARNER,+20% –∫ —Å–∫–æ—Ä–æ—Å—Ç–∏ —Ä–∞–±–æ—Ç—ã –Ω–∞ —ç—Ç–∞–ø–∞—Ö –ø—Ä–æ–µ–∫—Ç–∞,+20% work speed on project stages
TRAIT_DESC_ENERGIZER,–≠–Ω–µ—Ä–≥–∏—è —Ç—Ä–∞—Ç–∏—Ç—Å—è –Ω–∞ 30% –º–µ–¥–ª–µ–Ω–Ω–µ–µ,Energy drains 30% slower
TRAIT_DESC_EARLY_BIRD,–ü—Ä–∏—Ö–æ–¥–∏—Ç –Ω–∞ —Ä–∞–±–æ—Ç—É –Ω–∞ 30-40 –º–∏–Ω—É—Ç —Ä–∞–Ω—å—à–µ,Arrives at work 30-40 minutes earlier
TRAIT_DESC_CHEAP_HIRE,–ó–∞—Ä–ø–ª–∞—Ç–∞ –Ω–∞ 15% –Ω–∏–∂–µ,Salary is 15% lower
TRAIT_DESC_TOILET_LOVER,–°–∏–¥–∏—Ç –≤ —Ç—É–∞–ª–µ—Ç–µ –≤ 2 —Ä–∞–∑–∞ –¥–æ–ª—å—à–µ,Spends 2x longer in the toilet
TRAIT_DESC_COFFEE_LOVER,–ö–æ—Ñ–µ-–±—Ä–µ–π–∫ –¥–ª–∏—Ç—Å—è –≤ 2 —Ä–∞–∑–∞ –¥–æ–ª—å—à–µ,Coffee break lasts 2x longer
TRAIT_DESC_SLOWPOKE,-20% –∫ —Å–∫–æ—Ä–æ—Å—Ç–∏ —Ä–∞–±–æ—Ç—ã –Ω–∞ —ç—Ç–∞–ø–∞—Ö –ø—Ä–æ–µ–∫—Ç–∞,-20% work speed on project stages
TRAIT_DESC_EXPENSIVE,–ó–∞—Ä–ø–ª–∞—Ç–∞ –Ω–∞ 20% –≤—ã—à–µ,Salary is 20% higher
EMPLOYEE_DEFAULT_NAME,–ù–æ–≤–∏—á–æ–∫,Rookie
SKILL_ESTIMATE_WORK_1_NAME,üìê –û—Ü–µ–Ω–∫–∞ –æ–±—ä—ë–º–∞ I,üìê Work Estimate I
SKILL_ESTIMATE_WORK_1_DESC,–û–±—ä—ë–º —Ä–∞–±–æ—Ç –ø–æ –ø—Ä–æ–µ–∫—Ç—É –ø–æ–∫–∞–∑–∞–Ω –∫–∞–∫ –≤–∏–ª–∫–∞ ¬±20% –≤–º–µ—Å—Ç–æ ¬±40%,Project work scope shown as ¬±20% range instead of ¬±40%
SKILL_ESTIMATE_WORK_2_NAME,üìê –û—Ü–µ–Ω–∫–∞ –æ–±—ä—ë–º–∞ II,üìê Work Estimate II
SKILL_ESTIMATE_WORK_2_DESC,–í—ã –≤–∏–¥–∏—Ç–µ —Ç–æ—á–Ω—ã–π –æ–±—ä—ë–º —Ä–∞–±–æ—Ç –ø–æ –∫–∞–∂–¥–æ–º—É —ç—Ç–∞–ø—É,You see the exact work amount for each stage
SKILL_ESTIMATE_BUDGET_1_NAME,üí∞ –û—Ü–µ–Ω–∫–∞ –±—é–¥–∂–µ—Ç–∞ I,üí∞ Budget Estimate I
SKILL_ESTIMATE_BUDGET_1_DESC,–ë—é–¥–∂–µ—Ç –ø—Ä–æ–µ–∫—Ç–∞ –ø–æ–∫–∞–∑–∞–Ω –∫–∞–∫ –≤–∏–ª–∫–∞ ¬±15% –≤–º–µ—Å—Ç–æ ¬±35%,Project budget shown as ¬±15% range instead of ¬±35%
SKILL_ESTIMATE_BUDGET_2_NAME,üí∞ –û—Ü–µ–Ω–∫–∞ –±—é–¥–∂–µ—Ç–∞ II,üí∞ Budget Estimate II
SKILL_ESTIMATE_BUDGET_2_DESC,–í—ã –≤–∏–¥–∏—Ç–µ —Ç–æ—á–Ω—ã–π –±—é–¥–∂–µ—Ç –ø—Ä–æ–µ–∫—Ç–∞,You see the exact project budget
SKILL_PROJECT_LIMIT_1_NAME,üìÅ –õ–∏–º–∏—Ç –ø—Ä–æ–µ–∫—Ç–æ–≤ I,üìÅ Project Limit I
SKILL_PROJECT_LIMIT_1_DESC,–ú–∞–∫—Å–∏–º—É–º –∞–∫—Ç–∏–≤–Ω—ã—Ö –ø—Ä–æ–µ–∫—Ç–æ–≤ —É–≤–µ–ª–∏—á–µ–Ω –¥–æ 3 (–±—ã–ª–æ 2),Max active projects increased to 3 (was 2)
SKILL_PROJECT_LIMIT_2_NAME,üìÅ –õ–∏–º–∏—Ç –ø—Ä–æ–µ–∫—Ç–æ–≤ II,üìÅ Project Limit II
SKILL_PROJECT_LIMIT_2_DESC,–ú–∞–∫—Å–∏–º—É–º –∞–∫—Ç–∏–≤–Ω—ã—Ö –ø—Ä–æ–µ–∫—Ç–æ–≤ —É–≤–µ–ª–∏—á–µ–Ω –¥–æ 5,Max active projects increased to 5
SKILL_BOSS_MEETING_SPEED_1_NAME,‚è± –û–±—Å—É–∂–¥–µ–Ω–∏–µ I,‚è± Meetings I
SKILL_BOSS_MEETING_SPEED_1_DESC,–û–±—Å—É–∂–¥–µ–Ω–∏–µ –ø—Ä–æ–µ–∫—Ç–∞ —Å –±–æ—Å—Å–æ–º –∑–∞–Ω–∏–º–∞–µ—Ç 3 —á–∞—Å–∞ –≤–º–µ—Å—Ç–æ 4,Boss meeting takes 3 hours instead of 4
SKILL_BOSS_MEETING_SPEED_2_NAME,‚è± –û–±—Å—É–∂–¥–µ–Ω–∏–µ II,‚è± Meetings II
SKILL_BOSS_MEETING_SPEED_2_DESC,–û–±—Å—É–∂–¥–µ–Ω–∏–µ –ø—Ä–æ–µ–∫—Ç–∞ —Å –±–æ—Å—Å–æ–º –∑–∞–Ω–∏–º–∞–µ—Ç 2 —á–∞—Å–∞,Boss meeting takes 2 hours
SKILL_READ_TRAITS_1_NAME,üëÅ –ß—Ç–µ–Ω–∏–µ –ª—é–¥–µ–π I,üëÅ Read People I
SKILL_READ_TRAITS_1_DESC,–ü—Ä–∏ –Ω–∞–π–º–µ –≤—ã –≤–∏–¥–∏—Ç–µ 1 —Ç—Ä–µ–π—Ç –∫–∞–Ω–¥–∏–¥–∞—Ç–∞,You can see 1 trait when hiring
SKILL_READ_TRAITS_2_NAME,üëÅ –ß—Ç–µ–Ω–∏–µ –ª—é–¥–µ–π II,üëÅ Read People II
SKILL_READ_TRAITS_2_DESC,–ü—Ä–∏ –Ω–∞–π–º–µ –≤—ã –≤–∏–¥–∏—Ç–µ 2 —Ç—Ä–µ–π—Ç–∞ –∫–∞–Ω–¥–∏–¥–∞—Ç–∞,You can see 2 traits when hiring
SKILL_READ_TRAITS_3_NAME,üëÅ –ß—Ç–µ–Ω–∏–µ –ª—é–¥–µ–π III,üëÅ Read People III
SKILL_READ_TRAITS_3_DESC,–í—ã –≤–∏–¥–∏—Ç–µ –≤—Å–µ —Ç—Ä–µ–π—Ç—ã –∫–∞–Ω–¥–∏–¥–∞—Ç–∞ –ø—Ä–∏ –Ω–∞–π–º–µ,You see all candidate traits when hiring
SKILL_READ_SKILLS_1_NAME,üìä –û—Ü–µ–Ω–∫–∞ –∫–∞–¥—Ä–æ–≤ I,üìä Skill Assessment I
SKILL_READ_SKILLS_1_DESC,–ù–∞–≤—ã–∫–∏ –∫–∞–Ω–¥–∏–¥–∞—Ç–∞ –ø–æ–∫–∞–∑–∞–Ω—ã –∫–∞–∫ ¬´–ù–∏–∑–∫–∏–π / –°—Ä–µ–¥–Ω–∏–π / –í—ã—Å–æ–∫–∏–π¬ª –≤–º–µ—Å—Ç–æ –ø–æ–ª–Ω–æ–≥–æ —Å–∫—Ä—ã—Ç–∏—è,Candidate skills shown as Low / Medium / High instead of hidden
SKILL_READ_SKILLS_2_NAME,üìä –û—Ü–µ–Ω–∫–∞ –∫–∞–¥—Ä–æ–≤ II,üìä Skill Assessment II
SKILL_READ_SKILLS_2_DESC,–ù–∞–≤—ã–∫–∏ –∫–∞–Ω–¥–∏–¥–∞—Ç–∞ –ø–æ–∫–∞–∑–∞–Ω—ã –∫–∞–∫ –¥–∏–∞–ø–∞–∑–æ–Ω (100‚Äì150),Candidate skills shown as range (100‚Äì150)
SKILL_READ_SKILLS_3_NAME,üìä –û—Ü–µ–Ω–∫–∞ –∫–∞–¥—Ä–æ–≤ III,üìä Skill Assessment III
SKILL_READ_SKILLS_3_DESC,–í—ã –≤–∏–¥–∏—Ç–µ —Ç–æ—á–Ω—ã–µ –∑–Ω–∞—á–µ–Ω–∏—è –Ω–∞–≤—ã–∫–æ–≤ –∫–∞–Ω–¥–∏–¥–∞—Ç–∞,You see exact candidate skill values
SKILL_CANDIDATE_COUNT_1_NAME,üë§ –ö–∞–Ω–¥–∏–¥–∞—Ç—ã I,üë§ Candidates I
SKILL_CANDIDATE_COUNT_1_DESC,–ü—Ä–∏ –ø–æ–∏—Å–∫–µ HR –≤—ã–¥–∞—ë—Ç 3 –∫–∞–Ω–¥–∏–¥–∞—Ç–∞ –≤–º–µ—Å—Ç–æ 2,HR search returns 3 candidates instead of 2
SKILL_CANDIDATE_COUNT_2_NAME,üë§ –ö–∞–Ω–¥–∏–¥–∞—Ç—ã II,üë§ Candidates II
SKILL_CANDIDATE_COUNT_2_DESC,–ü—Ä–∏ –ø–æ–∏—Å–∫–µ HR –≤—ã–¥–∞—ë—Ç 5 –∫–∞–Ω–¥–∏–¥–∞—Ç–æ–≤,HR search returns 5 candidates
SKILL_HR_SEARCH_SPEED_1_NAME,üîç –°–∫–æ—Ä–æ—Å—Ç—å –ø–æ–∏—Å–∫–∞ I,üîç Search Speed I
SKILL_HR_SEARCH_SPEED_1_DESC,–ü–æ–∏—Å–∫ –∫–∞–Ω–¥–∏–¥–∞—Ç–æ–≤ –∑–∞–Ω–∏–º–∞–µ—Ç 1.5 —á–∞—Å–∞ –≤–º–µ—Å—Ç–æ 2,Candidate search takes 1.5 hours instead of 2
SKILL_HR_SEARCH_SPEED_2_NAME,üîç –°–∫–æ—Ä–æ—Å—Ç—å –ø–æ–∏—Å–∫–∞ II,üîç Search Speed II
SKILL_HR_SEARCH_SPEED_2_DESC,–ü–æ–∏—Å–∫ –∫–∞–Ω–¥–∏–¥–∞—Ç–æ–≤ –∑–∞–Ω–∏–º–∞–µ—Ç 1 —á–∞—Å,Candidate search takes 1 hour
SKILL_REPORT_EXPENSES_NAME,üìã –£—á—ë—Ç —Ä–∞—Å—Ö–æ–¥–æ–≤,üìã Expense Tracking
SKILL_REPORT_EXPENSES_DESC,–í –¥–Ω–µ–≤–Ω–æ–º –æ—Ç—á—ë—Ç–µ –≤–∏–¥–Ω–∞ –¥–µ—Ç–∞–ª–∏–∑–∞—Ü–∏—è –∑–∞—Ç—Ä–∞—Ç: –∫–æ–º—É –≤—ã–ø–ª–∞—á–µ–Ω–∞ –∑–∞—Ä–ø–ª–∞—Ç–∞ –∏ —Å–∫–æ–ª—å–∫–æ,Day report shows expense details: who was paid and how much
SKILL_REPORT_PROJECTS_NAME,üìã –ê–Ω–∞–ª–∏—Ç–∏–∫–∞ –ø—Ä–æ–µ–∫—Ç–æ–≤,üìã Project Analytics
SKILL_REPORT_PROJECTS_DESC,"–í –¥–Ω–µ–≤–Ω–æ–º –æ—Ç—á—ë—Ç–µ –≤–∏–¥–Ω—ã —ç—Ç–∞–ø—ã –ø—Ä–æ–µ–∫—Ç–æ–≤, –ø—Ä–æ—Ü–µ–Ω—Ç –ø—Ä–æ–≥—Ä–µ—Å—Å–∞ –∏ –¥–Ω–∏ –¥–æ –¥–µ–¥–ª–∞–π–Ω–æ–≤","Day report shows project stages, progress % and days until deadlines"
SKILL_REPORT_PRODUCTIVITY_NAME,üìã –û—Ü–µ–Ω–∫–∞ –ø—Ä–æ–¥—É–∫—Ç–∏–≤–Ω–æ—Å—Ç–∏,üìã Productivity Report
SKILL_REPORT_PRODUCTIVITY_DESC,–í –¥–Ω–µ–≤–Ω–æ–º –æ—Ç—á—ë—Ç–µ –≤–∏–¥–Ω–æ –∫—Ç–æ –∏–∑ —Å–æ—Ç—Ä—É–¥–Ω–∏–∫–æ–≤ —Å–∫–æ–ª—å–∫–æ —á–∞—Å–æ–≤ —Ä–∞–±–æ—Ç–∞–ª –∏ —Å–∫–æ–ª—å–∫–æ –æ—á–∫–æ–≤ –ø—Ä–∏–Ω—ë—Å,Day report shows how many hours each employee worked and points earned
SKILL_MOTIVATE_NAME,üî• –ú–æ—Ç–∏–≤–∏—Ä–æ–≤–∞—Ç—å,üî• Motivate
SKILL_MOTIVATE_DESC,–ê–∫—Ç–∏–≤–Ω—ã–π –Ω–∞–≤—ã–∫ (Q): –≤—Å–µ —Å–æ—Ç—Ä—É–¥–Ω–∏–∫–∏ —Ä—è–¥–æ–º –ø–æ–ª—É—á–∞—é—Ç +20% —Å–∫–æ—Ä–æ—Å—Ç–∏ —Ä–∞–±–æ—Ç—ã –Ω–∞ 2 —á–∞—Å–∞. –ü–µ—Ä–µ–∑–∞—Ä—è–¥–∫–∞: 4 —á–∞—Å–∞,Active skill (Q): nearby employees get +20% work speed for 2 hours. Cooldown: 4 hours
SKILL_NO_TOILET_NAME,üöΩ –ù–µ —Å–µ–π—á–∞—Å!,üöΩ Not Now!
SKILL_NO_TOILET_DESC,–ê–∫—Ç–∏–≤–Ω—ã–π –Ω–∞–≤—ã–∫ (R): —Å–æ—Ç—Ä—É–¥–Ω–∏–∫–∏ —Ä—è–¥–æ–º –Ω–µ —É—Ö–æ–¥—è—Ç –≤ —Ç—É–∞–ª–µ—Ç 4 —á–∞—Å–∞. –ü–µ—Ä–µ–∑–∞—Ä—è–¥–∫–∞: 8 —á–∞—Å–æ–≤,Active skill (R): nearby employees won't take toilet breaks for 4 hours. Cooldown: 8 hours
SKILL_CATEGORY_PROJECTS,–ü—Ä–æ–µ–∫—Ç—ã,Projects
SKILL_CATEGORY_PEOPLE,–õ—é–¥–∏,People
SKILL_CATEGORY_ANALYTICS,–ê–Ω–∞–ª–∏—Ç–∏–∫–∞,Analytics
SKILL_CATEGORY_ACTIVE,–ê–∫—Ç–∏–≤–Ω—ã–µ,Active
TAB_EMPLOYEES,üë• –°–æ—Ç—Ä—É–¥–Ω–∏–∫–∏,üë• Employees
TAB_CLIENTS,ü§ù –ó–∞–∫–∞–∑—á–∏–∫–∏,ü§ù Clients
TAB_PM_SKILLS,üß† –ù–∞–≤—ã–∫–∏ PM,üß† PM Skills
TAB_BOSS,üè¢ –ë–æ—Å—Å,üè¢ Boss
DAY_SUMMARY_TITLE,–ò—Ç–æ–≥–∏ –¥–Ω—è,Day Summary
DAY_SUMMARY_CONTINUE,–ü—Ä–æ–¥–æ–ª–∂–∏—Ç—å ‚Üí,Continue ‚Üí
DAY_SUMMARY_FINANCE,üí∞ –§–∏–Ω–∞–Ω—Å—ã,üí∞ Finances
DAY_SUMMARY_BALANCE_START,–ë–∞–ª–∞–Ω—Å –Ω–∞ –Ω–∞—á–∞–ª–æ –¥–Ω—è:,Balance at day start:
DAY_SUMMARY_INCOME,üìà –î–æ—Ö–æ–¥—ã –∑–∞ –¥–µ–Ω—å:,üìà Income today:
DAY_SUMMARY_EXPENSES,üìâ –†–∞—Å—Ö–æ–¥—ã –∑–∞ –¥–µ–Ω—å:,üìâ Expenses today:
DAY_SUMMARY_SALARIES,–ó–∞—Ä–ø–ª–∞—Ç—ã:,Salaries:
DAY_SUMMARY_BALANCE_END,–ë–∞–ª–∞–Ω—Å –Ω–∞ –∫–æ–Ω–µ—Ü –¥–Ω—è:,Balance at day end:
DAY_SUMMARY_LOCKED_HINT,"üîí –ò–∑—É—á–∏—Ç–µ –Ω–∞–≤—ã–∫ ¬´%s¬ª –≤ –¥–µ—Ä–µ–≤–µ –Ω–∞–≤—ã–∫–æ–≤ PM, —á—Ç–æ–±—ã –≤–∏–¥–µ—Ç—å –¥–µ—Ç–∞–ª–∏–∑–∞—Ü–∏—é","üîí Unlock ""%s"" in the PM skill tree to see details"
ROSTER_ENERGY,–≠–Ω–µ—Ä–≥–∏—è: %d%%,Energy: %d%%
ROSTER_EFFICIENCY,–≠—Ñ—Ñ–µ–∫—Ç.: x%.1f,Efficiency: x%.1f
ROSTER_EFFICIENCY_MOTIVATED,üî• –≠—Ñ—Ñ–µ–∫—Ç.: x%.1f,üî• Efficiency: x%.1f
ROSTER_FIRE_BTN,–£–≤–æ–ª–∏—Ç—å,Fire
ROSTER_FIRE_CONFIRM,"–í—ã —É–≤–µ—Ä–µ–Ω—ã, —á—Ç–æ —Ö–æ—Ç–∏—Ç–µ —É–≤–æ–ª–∏—Ç—å",Are you sure you want to fire
ROSTER_FIRE_YES,–î–∞,Yes
ROSTER_FIRE_NO,–ù–µ—Ç,No
STATUS_IDLE,–°–≤–æ–±–æ–¥–µ–Ω,Idle
STATUS_WORKING,–†–∞–±–æ—Ç–∞–µ—Ç,Working
STATUS_COFFEE,–ö–æ—Ñ–µ-–±—Ä–µ–π–∫ ‚òï,Coffee break ‚òï
STATUS_TOILET,–í —Ç—É–∞–ª–µ—Ç–µ üöΩ,In toilet üöΩ
STATUS_WANDERING,–ì—É–ª—è–µ—Ç,Wandering
STATUS_GOING_HOME,–£—Ö–æ–¥–∏—Ç –¥–æ–º–æ–π,Going home
STATUS_HOME,–î–æ–º–∞,At home
STATUS_DISCUSSING,–û–±—Å—É–∂–¥–µ–Ω–∏–µ,Discussing
STATUS_MOVING,–ò–¥—ë—Ç –∫ –º–µ—Å—Ç—É,Moving
HR_BUSY_DISCUSSING,HR: PM –∑–∞–Ω—è—Ç –æ–±—Å—É–∂–¥–µ–Ω–∏–µ–º —Å –±–æ—Å—Å–æ–º.,HR: PM is busy discussing with the boss.
HR_BUSY_SEARCHING,HR: PM —É–∂–µ –∏—â–µ—Ç –∫–∞–Ω–¥–∏–¥–∞—Ç–æ–≤.,HR: PM is already searching for candidates.
HR_SEARCH_LABEL,–ü–æ–∏—Å–∫ –∫–∞–Ω–¥–∏–¥–∞—Ç–æ–≤,Searching for candidates
HR_TOO_LATE,–°–ª–∏—à–∫–æ–º –ø–æ–∑–¥–Ω–æ ‚Äî HR –Ω–µ —É—Å–ø–µ–µ—Ç –∑–∞–≤–µ—Ä—à–∏—Ç—å –ø–æ–∏—Å–∫ –¥–æ –∫–æ–Ω—Ü–∞ –¥–Ω—è.,Too late ‚Äî HR won't finish the search before end of day.
END_DAY_BTN,–ó–∞–≤–µ—Ä—à–∏—Ç—å –¥–µ–Ω—å,End Day
CLIENT_NOVOTECH,–ù–æ–≤–æ–¢–µ—Ö,NovoTech
CLIENT_NOVOTECH_DESC,IT-—Å—Ç–∞—Ä—Ç–∞–ø. –í—Å–µ–≥–¥–∞ —Ö–æ—á–µ—Ç –±—ã—Å—Ç—Ä–æ –∏ –¥—ë—à–µ–≤–æ.,IT startup. Always wants it fast and cheap.
CLIENT_EDAPLUS,–ï–¥–∞–ü–ª—é—Å,FoodPlus
CLIENT_EDAPLUS_DESC,–°–µ—Ç—å –¥–æ—Å—Ç–∞–≤–∫–∏ –µ–¥—ã. –ú–Ω–æ–≥–æ –º–µ–ª–∫–∏—Ö –∑–∞–¥–∞—á.,Food delivery chain. Lots of small tasks.
CLIENT_FINANSGROUP,–§–∏–Ω–∞–Ω—Å–ì—Ä—É–ø–ø,FinanceGroup
CLIENT_FINANSGROUP_DESC,"–ë–∞–Ω–∫. –°–µ—Ä—å—ë–∑–Ω—ã–µ –ø—Ä–æ–µ–∫—Ç—ã, —Ö–æ—Ä–æ—à–∏–µ –±—é–¥–∂–µ—Ç—ã.","Bank. Serious projects, good budgets."
CLIENT_MEDIALINE,–ú–µ–¥–∏–∞–õ–∞–π–Ω,MediaLine
CLIENT_MEDIALINE_DESC,–†–µ–∫–ª–∞–º–Ω–æ–µ –∞–≥–µ–Ω—Ç—Å—Ç–≤–æ. –ö—Ä–µ–∞—Ç–∏–≤–Ω—ã–µ –∑–∞–¥–∞—á–∏.,Ad agency. Creative tasks.
CLIENT_STROYMASTER,–°—Ç—Ä–æ–π–ú–∞—Å—Ç–µ—Ä,BuildMaster
CLIENT_STROYMASTER_DESC,–°—Ç—Ä–æ–∏—Ç–µ–ª—å–Ω–∞—è –∫–æ–º–ø–∞–Ω–∏—è. –°—Ç–∞–±–∏–ª—å–Ω—ã–π –ø–æ—Ç–æ–∫.,Construction company. Steady workflow.
LOYALTY_MICRO_PROJECTS,Micro –ø—Ä–æ–µ–∫—Ç—ã,Micro projects
LOYALTY_BUDGET_5,+5% –∫ –±—é–¥–∂–µ—Ç—É,+5% to budget
LOYALTY_SIMPLE_PROJECTS,Simple –ø—Ä–æ–µ–∫—Ç—ã,Simple projects
LOYALTY_BUDGET_10,+10% –∫ –±—é–¥–∂–µ—Ç—É,+10% to budget
LOYALTY_EASY_PROJECTS,Easy –ø—Ä–æ–µ–∫—Ç—ã,Easy projects
LOYALTY_BUDGET_15,+15% –∫ –±—é–¥–∂–µ—Ç—É,+15% to budget
LOYALTY_BUDGET_20,+20% –∫ –±—é–¥–∂–µ—Ç—É,+20% to budget
PROJ_FIX_BUG,–§–∏–∫—Å –±–∞–≥–∞ –Ω–∞ —Å–∞–π—Ç–µ,Fix website bug
PROJ_TEST_FORM,–ü—Ä–æ—Ç–µ—Å—Ç–∏—Ä–æ–≤–∞—Ç—å —Ñ–æ—Ä–º—É,Test form
PROJ_WRITE_TZ,–°–æ—Å—Ç–∞–≤–∏—Ç—å –¢–ó –Ω–∞ –ª–µ–Ω–¥–∏–Ω–≥,Write landing page spec
PROJ_FIX_LAYOUT,–ü–æ–ø—Ä–∞–≤–∏—Ç—å –≤—ë—Ä—Å—Ç–∫—É –ø–∏—Å—å–º–∞,Fix email layout
PROJ_TEST_AUTH,–¢–µ—Å—Ç–∏—Ä–æ–≤–∞–Ω–∏–µ –∞–≤—Ç–æ—Ä–∏–∑–∞—Ü–∏–∏,Test authentication
PROJ_COMPETITOR_ANALYSIS,–ê–Ω–∞–ª–∏–∑ –∫–æ–Ω–∫—É—Ä–µ–Ω—Ç–æ–≤,Competitor analysis
PROJ_FAQ,–û–ø–∏—Å–∞—Ç—å –∏ —Å–¥–µ–ª–∞—Ç—å FAQ,Describe and build FAQ
PROJ_API,–ù–∞–ø–∏—Å–∞—Ç—å –∏ –ø—Ä–æ—Ç–µ—Å—Ç–∏—Ç—å API,Write and test API
PROJ_FORM_DESC,–û–ø–∏—Å–∞–Ω–∏–µ + –ø—Ä–∞–≤–∫–∞ —Ñ–æ—Ä–º—ã,Description + form fix
PROJ_FILTERS,–î–æ—Ä–∞–±–æ—Ç–∫–∞ + —Ç–µ—Å—Ç —Ñ–∏–ª—å—Ç—Ä–æ–≤,Improve + test filters
PROJ_MODULE_TEST,–¢–ó + —Ç–µ—Å—Ç–∏—Ä–æ–≤–∞–Ω–∏–µ –º–æ–¥—É–ª—è,Spec + module testing
PROJ_REPORT,–ê–Ω–∞–ª–∏—Ç–∏–∫–∞ + —Ä–∞–∑—Ä–∞–±–æ—Ç–∫–∞ –æ—Ç—á—ë—Ç–∞,Analytics + report development
PROJ_LANDING,–õ–µ–Ω–¥–∏–Ω–≥ –ø–µ–∫–∞—Ä–Ω–∏,Bakery landing page
PROJ_SITE_CARD,–°–∞–π—Ç-–≤–∏–∑–∏—Ç–∫–∞,Business card website
PROJ_CRM_TAXI,CRM –¥–ª—è —Ç–∞–∫—Å–∏,CRM for taxi
PROJ_AUTH_MODULE,–ú–æ–¥—É–ª—å –∞–≤—Ç–æ—Ä–∏–∑–∞—Ü–∏–∏,Auth module
PROJ_SHOP,–ò–Ω—Ç–µ—Ä–Ω–µ—Ç-–º–∞–≥–∞–∑–∏–Ω,Online store
PROJ_ORDERS,–ü–æ—Ä—Ç–∞–ª –∑–∞–∫–∞–∑–æ–≤,Orders portal
PROJ_CHAT,–ß–∞—Ç –ø–æ–¥–¥–µ—Ä–∂–∫–∏,Support chat
PROJ_DASHBOARD,–î–∞—à–±–æ—Ä–¥ —Å—Ç–∞—Ç–∏—Å—Ç–∏–∫–∏,Statistics dashboard
QUEST_PROFIT,–ó–∞—Ä–∞–±–æ—Ç–∞—Ç—å ‚â• $%d –ø—Ä–∏–±—ã–ª–∏,Earn ‚â• $%d profit
QUEST_PROJECTS,–ó–∞–≤–µ—Ä—à–∏—Ç—å ‚â• %d –ø—Ä–æ–µ–∫—Ç–æ–≤,Complete ‚â• %d projects
QUEST_HIRES,–ù–∞–Ω—è—Ç—å ‚â• %d —Å–æ—Ç—Ä—É–¥–Ω–∏–∫–æ–≤,Hire ‚â• %d employees
QUEST_LOYALTY,–°—É–º–º–∞—Ä–Ω–∞—è –ª–æ—è–ª—å–Ω–æ—Å—Ç—å –∫–ª–∏–µ–Ω—Ç–æ–≤ ‚â• %d,Total client loyalty ‚â• %d
QUEST_NO_FAILS,–ù–∏ –æ–¥–Ω–æ–≥–æ –ø—Ä–æ–≤–∞–ª–µ–Ω–Ω–æ–≥–æ –ø—Ä–æ–µ–∫—Ç–∞,No failed projects
QUEST_MAX_EXPENSES,–†–∞—Å—Ö–æ–¥—ã –Ω–∞ –∑–∞—Ä–ø–ª–∞—Ç—ã ‚â§ $%d,Salary expenses ‚â§ $%d
QUEST_PM_LEVEL,PM –¥–æ—Å—Ç–∏–≥–∞–µ—Ç —É—Ä–æ–≤–Ω—è ‚â• %d,PM reaches level ‚â• %d
QUEST_EMPLOYEE_LEVELUPS,–°–æ—Ç—Ä—É–¥–Ω–∏–∫–∏ –ø–æ–≤—ã—Å–∏–ª–∏—Å—å ‚â• %d —Ä–∞–∑,Employees leveled up ‚â• %d times
BOSS_TITLE,üè¢ –ë–æ—Å—Å,üè¢ Boss
BOSS_TRUST,–î–æ–≤–µ—Ä–∏–µ: %d ü§ù  %s,Trust: %d ü§ù  %s
BOSS_NO_QUEST,–ë–æ—Å—Å –ø–æ–∫–∞ –Ω–µ –¥–∞–ª –∑–∞–¥–∞–Ω–∏–µ.\n–ü–æ–¥–æ–π–¥–∏—Ç–µ –∫ —Å—Ç–æ–ª—É –±–æ—Å—Å–∞ –≤ –Ω–∞—á–∞–ª–µ –º–µ—Å—è—Ü–∞.,No assignment yet.\nVisit the boss's desk at the start of the month.
BOSS_QUEST_MONTH,üìã  –ó–∞–¥–∞–Ω–∏–µ –º–µ—Å—è—Ü–∞ %d:,üìã  Month %d assignment:
BOSS_QUEST_TITLE,üè¢ –ù–æ–≤–æ–µ –∑–∞–¥–∞–Ω–∏–µ –æ—Ç –±–æ—Å—Å–∞,üè¢ New assignment from the boss
BOSS_TRUST_LABEL,–î–æ–≤–µ—Ä–∏–µ –±–æ—Å—Å–∞: %d ü§ù  (%s),Boss trust: %d ü§ù  (%s)
BOSS_IMPOSSIBLE_WARN,‚ö†Ô∏è –ë–æ—Å—Å –≤ —ç—Ç–æ–º –º–µ—Å—è—Ü–µ –æ—Å–æ–±–µ–Ω–Ω–æ —Ç—Ä–µ–±–æ–≤–∞—Ç–µ–ª–µ–Ω...,‚ö†Ô∏è The boss is extra demanding this month...
BOSS_GOALS_TITLE,üìã –¶–µ–ª–∏ –Ω–∞ –º–µ—Å—è—Ü %d:,üìã Goals for month %d:
BOSS_ACCEPT_BTN,‚úÖ –ü–æ–Ω—è–ª –±–æ—Å—Å!,‚úÖ Got it boss!
BOSS_SPEECH_1,"–ó–Ω–∞—á–∏—Ç —Ç–∞–∫, —É –Ω–∞—Å –ø–ª–∞–Ω—ã –Ω–∞ —ç—Ç–æ—Ç –º–µ—Å—è—Ü. –ü–æ–∫–∞–∂–∏ —á—Ç–æ —Ç—ã –º–æ–∂–µ—à—å.","So, we have plans this month. Show me what you can do."
BOSS_SPEECH_2,–†—É–∫–æ–≤–æ–¥—Å—Ç–≤–æ –∂–¥—ë—Ç —Ä–µ–∑—É–ª—å—Ç–∞—Ç–æ–≤. –î–∞–≤–∞–π –Ω–µ –ø–æ–¥–≤–µ–¥—ë–º.,Management expects results. Let's not disappoint.
BOSS_SPEECH_3,–ù–æ–≤—ã–π –º–µ—Å—è—Ü ‚Äî –Ω–æ–≤—ã–µ —Ü–µ–ª–∏. –Ø —Ä–∞—Å—Å—á–∏—Ç—ã–≤–∞—é –Ω–∞ —Ç–µ–±—è.,New month ‚Äî new goals. I'm counting on you.
BOSS_SPEECH_4,"–õ–∞–¥–Ω–æ, —Å–ª—É—à–∞–π –≤–Ω–∏–º–∞—Ç–µ–ª—å–Ω–æ. –í–æ—Ç —á—Ç–æ –Ω—É–∂–Ω–æ —Å–¥–µ–ª–∞—Ç—å.","Alright, listen carefully. Here's what needs to be done."
BOSS_SPEECH_IMPOSSIBLE_1,–≠—Ç–æ—Ç –º–µ—Å—è—Ü –±—É–¥–µ—Ç –Ω–µ–ø—Ä–æ—Å—Ç—ã–º. –†—É–∫–æ–≤–æ–¥—Å—Ç–≤–æ –ø–æ—Å—Ç–∞–≤–∏–ª–æ –∞–º–±–∏—Ü–∏–æ–∑–Ω—ã–µ —Ü–µ–ª–∏...,This month won't be easy. Management set ambitious goals...
BOSS_SPEECH_IMPOSSIBLE_2,"–ù–µ –±—É–¥—É –≤—Ä–∞—Ç—å, –∑–∞–¥–∞—á–∞ —Å–µ—Ä—å—ë–∑–Ω–∞—è. –ù–æ —è –≤–µ—Ä—é –≤ —Ç–µ–±—è.","I won't lie, it's a tough one. But I believe in you."
BOSS_SPEECH_IMPOSSIBLE_3,–°–≤–µ—Ä—Ö—É –ø—Ä–∏—à–ª–∏... –∏–Ω—Ç–µ—Ä–µ—Å–Ω—ã–µ –æ–∂–∏–¥–∞–Ω–∏—è. –°–¥–µ–ª–∞–π —á—Ç–æ —Å–º–æ–∂–µ—à—å.,Interesting expectations came from above. Do what you can.
BOSS_REPORT_TITLE,üìä –ò—Ç–æ–≥–∏ –º–µ—Å—è—Ü–∞,üìä Monthly Results
BOSS_REPORT_IMPOSSIBLE,(–≠—Ç–æ –±—ã–ª –º–µ—Å—è—Ü —Å –ø–æ–≤—ã—à–µ–Ω–Ω—ã–º–∏ —Ç—Ä–µ–±–æ–≤–∞–Ω–∏—è–º–∏),(This was a month with elevated demands)
BOSS_REPORT_TRUST_CHANGE,–ò–∑–º–µ–Ω–µ–Ω–∏–µ –¥–æ–≤–µ—Ä–∏—è:,Trust change:
BOSS_REPORT_CURRENT_TRUST,–¢–µ–∫—É—â–µ–µ –¥–æ–≤–µ—Ä–∏–µ: %d  %s,Current trust: %d  %s
BOSS_REPORT_CLOSE,–ü–æ–Ω—è—Ç–Ω–æ,Got it
BOSS_REACTION_IMPOSSIBLE_WIN,–ù–µ–≤–µ—Ä–æ—è—Ç–Ω–æ! –Ø –Ω–µ –æ–∂–∏–¥–∞–ª —á—Ç–æ —Ç—ã —Å–ø—Ä–∞–≤–∏—à—å—Å—è —Å —Ç–∞–∫–∏–º–∏ –ø–ª–∞–Ω–∞–º–∏.,Incredible! I didn't expect you to handle such plans.
BOSS_REACTION_GREAT,–û—Ç–ª–∏—á–Ω–∞—è —Ä–∞–±–æ—Ç–∞! –¢–∞–∫ –¥–µ—Ä–∂–∞—Ç—å.,Excellent work! Keep it up.
BOSS_REACTION_OK,"–ù–µ–ø–ª–æ—Ö–æ. –ï—Å—Ç—å –Ω–∞–¥ —á–µ–º —Ä–∞–±–æ—Ç–∞—Ç—å, –Ω–æ –≤ —Ü–µ–ª–æ–º –¥–æ–≤–æ–ª–µ–Ω.","Not bad. Room for improvement, but overall satisfied."
BOSS_REACTION_MEH,"–ú–æ–≥–ª–æ –±—ã—Ç—å –∏ –ª—É—á—à–µ, –Ω–æ —Ö–æ—Ç—å —á—Ç–æ-—Ç–æ —Å–¥–µ–ª–∞–ª.","Could've been better, but at least something got done."
BOSS_REACTION_ZERO,–ù–∏—á–µ–≥–æ –Ω–µ –≤—ã–ø–æ–ª–Ω–µ–Ω–æ... –Ø —Ä–∞–∑–æ—á–∞—Ä–æ–≤–∞–Ω.,Nothing was completed... I'm disappointed.
BOSS_REACTION_FAIL,–≠—Ç–æ –ø—Ä–æ–≤–∞–ª. –ú–Ω–µ –ø—Ä–∏–¥—ë—Ç—Å—è –ø–æ–¥—É–º–∞—Ç—å –æ —Ç–≤–æ—ë–º –±—É–¥—É—â–µ–º –∑–¥–µ—Å—å.,This is a failure. I'll have to think about your future here.
HR_ROLE_TITLE,–í—ã–±–µ—Ä–∏—Ç–µ —Ä–æ–ª—å –¥–ª—è –ø–æ–∏—Å–∫–∞,Select role to search
HR_ROLE_BA,Business Analyst,Business Analyst
HR_ROLE_DEV,Backend Developer,Backend Developer
HR_ROLE_QA,QA Engineer,QA Engineer
NAME_OLEG,–û–ª–µ–≥,Oleg
NAME_MARIA,–ú–∞—Ä–∏—è,Maria
NAME_ALEXEY,–ê–ª–µ–∫—Å–µ–π,Alexey
NAME_DARYA,–î–∞—Ä—å—è,Darya
NAME_IVAN,–ò–≤–∞–Ω,Ivan
NAME_ELENA,–ï–ª–µ–Ω–∞,Elena
NAME_MAX,–ú–∞–∫—Å,Max
NAME_SERGEY,–°–µ—Ä–≥–µ–π,Sergey
NAME_ANNA,–ê–Ω–Ω–∞,Anna
SURNAME_PETROV,–ü–µ—Ç—Ä–æ–≤(–∞),Petrov
SURNAME_SMIRNOV,–°–º–∏—Ä–Ω–æ–≤(–∞),Smirnov
SURNAME_KUZNETSOV,–ö—É–∑–Ω–µ—Ü–æ–≤(–∞),Kuznetsov
SURNAME_POPOV,–ü–æ–ø–æ–≤(–∞),Popov
SURNAME_VASILIEV,–í–∞—Å–∏–ª—å–µ–≤(–∞),Vasiliev
SURNAME_SOKOLOV,–°–æ–∫–æ–ª–æ–≤(–∞),Sokolov
SURNAME_MIKHAILOV,–ú–∏—Ö–∞–π–ª–æ–≤(–∞),Mikhailov
UI_CLOSE,–ó–∞–∫—Ä—ã—Ç—å,Close
UI_SALARY,$ %d,$ %d
UI_LEVEL,–£—Ä–æ–≤–µ–Ω—å %d,Level %d
UI_XP,XP: %d / %d,XP: %d / %d
UI_PM_LEVEL,PM –£—Ä–æ–≤–µ–Ω—å %d,PM Level %d
UI_SKILL_POINTS,–û—á–∫–∏ –Ω–∞–≤—ã–∫–æ–≤: %d,Skill points: %d
UI_SKILL_LOCKED,üîí –ó–∞–±–ª–æ–∫–∏—Ä–æ–≤–∞–Ω–æ,üîí Locked
UI_SKILL_UNLOCKED,‚úÖ –ò–∑—É—á–µ–Ω–æ,‚úÖ Unlocked
UI_SKILL_COST,–°—Ç–æ–∏–º–æ—Å—Ç—å: %d,Cost: %d
UI_SKILL_REQUIRES,–¢—Ä–µ–±—É–µ—Ç—Å—è: %s,Requires: %s
PROJECT_STATE_DRAFTING,–ß–µ—Ä–Ω–æ–≤–∏–∫,Draft
PROJECT_STATE_IN_PROGRESS,–í —Ä–∞–±–æ—Ç–µ,In Progress
PROJECT_STATE_FINISHED,–ó–∞–≤–µ—Ä—à—ë–Ω,Completed
PROJECT_STATE_FAILED,–ü—Ä–æ–≤–∞–ª–µ–Ω,Failed
PROJECT_BUDGET,–ë—é–¥–∂–µ—Ç: $%d,Budget: $%d
PROJECT_DEADLINE_SOFT,–°–æ—Ñ—Ç-–¥–µ–¥–ª–∞–π–Ω: %s,Soft deadline: %s
PROJECT_DEADLINE_HARD,–•–∞—Ä–¥-–¥–µ–¥–ª–∞–π–Ω: %s,Hard deadline: %s
PROJECT_PENALTY,–®—Ç—Ä–∞—Ñ –∑–∞ –ø—Ä–æ—Å—Ä–æ—á–∫—É: %d%%,Late penalty: %d%%
PROJECT_STAGE,–≠—Ç–∞–ø %d: %s,Stage %d: %s
PROJECT_ASSIGN_WORKER,–ù–∞–∑–Ω–∞—á–∏—Ç—å —Å–æ—Ç—Ä—É–¥–Ω–∏–∫–∞,Assign employee
PROJECT_REMOVE_WORKER,–£–±—Ä–∞—Ç—å,Remove
PROJECT_TAKE,–í–∑—è—Ç—å –ø—Ä–æ–µ–∫—Ç,Take project
PROJECT_CLIENT,–ó–∞–∫–∞–∑—á–∏–∫: %s,Client: %s
HIRE_BTN,–ù–∞–Ω—è—Ç—å,Hire
HIRE_HIDDEN_TRAIT,??? –ù–µ–∏–∑–≤–µ—Å—Ç–Ω—ã–π —Ç—Ä–µ–π—Ç,??? Unknown trait
BOSS_TRUST_STATE_ANGRY,üò° –ù–µ–¥–æ–≤–æ–ª–µ–Ω,üò° Angry
BOSS_TRUST_STATE_NEUTRAL,üòê –ù–µ–π—Ç—Ä–∞–ª—å–Ω–æ,üòê Neutral
BOSS_TRUST_STATE_FINE,üôÇ –ù–æ—Ä–º–∞–ª—å–Ω–æ,üôÇ Fine
BOSS_TRUST_STATE_PLEASED,üòä –î–æ–≤–æ–ª–µ–Ω,üòä Pleased
BOSS_TRUST_STATE_VERY_PLEASED,üòÑ –û—á–µ–Ω—å –¥–æ–≤–æ–ª–µ–Ω,üòÑ Very Pleased
BOSS_TRUST_STATE_AMAZED,üåü –í–æ—Å—Ö–∏—â—ë–Ω,üåü Amazed
QUEST_STATUS_COMPLETED,‚úÖ –í—ã–ø–æ–ª–Ω–µ–Ω–æ,‚úÖ Completed
QUEST_STATUS_FAILS,‚ùå %d –ø—Ä–æ–≤–∞–ª–æ–≤,‚ùå %d fails
CLIENT_TOTAL_LOYALTY,‚ù§ –û–±—â–∞—è –ª–æ—è–ª—å–Ω–æ—Å—Ç—å: %d,‚ù§ Total Loyalty: %d
CLIENT_WEEKLY_PROJECTS,üìÖ –ü—Ä–µ–¥–ª–æ–∂–µ–Ω–∏–π –æ—Ç –±–æ—Å—Å–∞ –≤ –Ω–µ–¥–µ–ª—é: %d,üìÖ Boss proposals per week: %d
CLIENT_LOYALTY_POINTS,‚ù§ %d –æ—á–∫–æ–≤ (—É—Ä. %d),‚ù§ %d points (lvl %d)
CLIENT_STAT_SUCCESS,‚úÖ –£—Å–ø–µ—à–Ω–æ: %d,‚úÖ Success: %d
CLIENT_STAT_LATE,‚ö† –ü—Ä–æ—Å—Ä–æ—á–∫–∞ —Å–æ—Ñ—Ç: %d,‚ö† Soft deadline: %d
CLIENT_STAT_FAIL,‚ùå –ü—Ä–æ–≤–∞–ª: %d,‚ùå Failed: %d
CLIENT_BONUS_BUDGET,üí∞ –ë—é–¥–∂–µ—Ç: +%d%%,üí∞ Budget: +%d%%
CLIENT_UNLOCKED_PROJECTS,üìã –ü—Ä–æ–µ–∫—Ç—ã: %s,üìã Projects: %s
CLIENT_NEXT_LEVEL_INFO,‚è≠ –î–æ —Å–ª–µ–¥—É—é—â–µ–≥–æ: %d / %d (%s),‚è≠ Next level: %d / %d (%s)
CLIENT_MAX_LEVEL,üèÜ –ú–∞–∫—Å–∏–º–∞–ª—å–Ω—ã–π —É—Ä–æ–≤–µ–Ω—å –ª–æ—è–ª—å–Ω–æ—Å—Ç–∏!,üèÜ Maximum loyalty level!
DAY_SUMMARY_PROJECTS,üìã –ü—Ä–æ–µ–∫—Ç—ã,üìã Projects
DAY_SUMMARY_PROJ_FINISHED,‚úÖ –ó–∞–≤–µ—Ä—à–µ–Ω—ã —Å–µ–≥–æ–¥–Ω—è:,‚úÖ Finished today:
DAY_SUMMARY_PROJ_PAYOUT,[%s] %s ‚Äî –í—ã–ø–ª–∞—Ç–∞: $%d,[%s] %s ‚Äî Payout: $%d
DAY_SUMMARY_PROJ_PENALTY," (‚ö† —à—Ç—Ä–∞—Ñ -$%d, –ø—Ä–æ—Å—Ä–æ—á–∫–∞ —Å–æ—Ñ—Ç)"," (‚ö† penalty -$%d, soft deadline missed)"
DAY_SUMMARY_PROJ_COMPLETED,[%s] %s ‚Äî –∑–∞–≤–µ—Ä—à—ë–Ω,[%s] %s ‚Äî completed
DAY_SUMMARY_PROJ_FAILED,‚ùå –ü—Ä–æ–≤–∞–ª–µ–Ω—ã —Å–µ–≥–æ–¥–Ω—è:,‚ùå Failed today:
DAY_SUMMARY_PROJ_FAILED_DETAIL,[%s] %s ‚Äî –•–∞—Ä–¥-–¥–µ–¥–ª–∞–π–Ω –∏—Å—Ç—ë–∫ –≤—ã–ø–ª–∞—Ç–∞: $0,[%s] %s ‚Äî Hard deadline expired payout: $0
DAY_SUMMARY_PROJ_FAILED_SHORT,[%s] %s ‚Äî –ø—Ä–æ–≤–∞–ª–µ–Ω,[%s] %s ‚Äî failed
DAY_SUMMARY_PROJ_IN_PROGRESS,üîß –í —Ä–∞–±–æ—Ç–µ:,üîß In progress:
DAY_SUMMARY_PROJ_ACTIVE_DETAIL,[%s] %s ‚Äî %s | —Å–æ—Ñ—Ç: %d –¥–Ω. | —Ö–∞—Ä–¥: %d –¥–Ω.,[%s] %s ‚Äî %s | soft: %d d. | hard: %d d.
DAY_SUMMARY_PROJ_ACTIVE_SHORT,[%s] %s ‚Äî –≤ —Ä–∞–±–æ—Ç–µ,[%s] %s ‚Äî in progress
DAY_SUMMARY_PROJ_DRAFT,üìù –û–∂–∏–¥–∞—é—Ç —Å—Ç–∞—Ä—Ç–∞:,üìù Awaiting start:
DAY_SUMMARY_PROJ_DRAFT_DETAIL,[%s] %s ‚Äî –Ω–µ –Ω–∞—á–∞—Ç –Ω–∞–∑–Ω–∞—á—å—Ç–µ –ª—é–¥–µ–π,[%s] %s ‚Äî not started assign people
DAY_SUMMARY_NO_PROJECTS,–ù–µ—Ç –∞–∫—Ç–∏–≤–Ω—ã—Ö –ø—Ä–æ–µ–∫—Ç–æ–≤,No active projects
DAY_SUMMARY_NO_EMPLOYEES,–ù–µ—Ç —Å–æ—Ç—Ä—É–¥–Ω–∏–∫–æ–≤,No employees
DAY_SUMMARY_EMP_TOTAL_ONLY,üë• –í—Å–µ–≥–æ —Å–æ—Ç—Ä—É–¥–Ω–∏–∫–æ–≤: %d,üë• Total employees: %d
DAY_SUMMARY_EMP_STATS,üë• –í—Å–µ–≥–æ: %d  |  üîß –†–∞–±–æ—Ç–∞–ª–∏: %d  |  üí§ –ü—Ä–æ—Å—Ç–∞–∏–≤–∞–ª–∏: %d,üë• Total: %d  |  üîß Worked: %d  |  üí§ Idle: %d
DAY_SUMMARY_EMP_WORKED,üîß –†–∞–±–æ—Ç–∞–ª–∏ —Å–µ–≥–æ–¥–Ω—è:,üîß Worked today:
DAY_SUMMARY_EMP_IDLE,üí§ –ü—Ä–æ—Å—Ç–∞–∏–≤–∞–ª–∏ (–Ω–µ –Ω–∞–∑–Ω–∞—á–µ–Ω—ã –Ω–∞ –ø—Ä–æ–µ–∫—Ç):,üí§ Idle (not assigned to project):
DAY_SUMMARY_EMP_LOW_ENERGY,‚ö† –ù–∏–∑–∫–∞—è —ç–Ω–µ—Ä–≥–∏—è:,‚ö† Low energy:
DAY_SUMMARY_EMP_NOT_WORKED,üí§ –ù–µ —Ä–∞–±–æ—Ç–∞–ª,üí§ Did not work
STAGE_BA,–ë–∏–∑–Ω–µ—Å-–∞–Ω–∞–ª–∏–∑,Business Analysis
STAGE_DEV,–†–∞–∑—Ä–∞–±–æ—Ç–∫–∞,Development
STAGE_QA,–¢–µ—Å—Ç–∏—Ä–æ–≤–∞–Ω–∏–µ,Testing
DAY_SUMMARY_STAGE_FORMAT,—ç—Ç–∞–ø %s (%d%%),stage %s (%d%%)
DAY_SUMMARY_STAGE_DONE,–∑–∞–≤–µ—Ä—à—ë–Ω,completed
DAY_SUMMARY_TIME_HM,%d —á %d –º–∏–Ω,%d h %d m
DAY_SUMMARY_TIME_M,%d –º–∏–Ω,%d m
DAY_SUMMARY_PTS_K,%dk –æ—á–∫–æ–≤,%dk points
DAY_SUMMARY_PTS,%d –æ—á–∫–æ–≤,%d points
DAY_SUMMARY_LEVELUPS,üéâ –ü–æ–≤—ã—à–µ–Ω–∏—è –∑–∞ –¥–µ–Ω—å,üéâ Level-ups today
DAY_SUMMARY_LEVELUP_TITLE,üéâ %s –ø–æ–ª—É—á–∏–ª —É—Ä–æ–≤–µ–Ω—å %d (%s)!,üéâ %s reached level %d (%s)!
DAY_SUMMARY_SKILL_GAIN,–ù–∞–≤—ã–∫ +%d,Skill +%d
DAY_SUMMARY_NEW_TRAIT,  |  –ù–æ–≤—ã–π —Ç—Ä–µ–π—Ç: %s,  |  New trait: %s
DAY_SUMMARY_EMP_SALARY,        ‚Ä¢ %s ‚Äî $%d,        ‚Ä¢ %s ‚Äî $%d
EMP_ACTION_IDLE,–∂–¥—ë—Ç –∑–∞–¥–∞—á—É,waiting for task
EMP_ACTION_MOVING,–∏–¥—ë—Ç –∫ —Å—Ç–æ–ª—É,going to desk
EMP_ACTION_WORK_LERA,–æ—Ç–≤–µ—á–∞–µ—Ç —Ç–∏–∫–µ—Ç—ã...,answering tickets...
EMP_ACTION_WORK_DEV,–ø–∏—à–µ—Ç –∫–æ–¥...,writing code...
EMP_ACTION_WORK_BA,—Å–æ—Å—Ç–∞–≤–ª—è–µ—Ç –¢–ó...,writing specs...
EMP_ACTION_WORK_QA,–∏—â–µ—Ç –±–∞–≥–∏...,hunting bugs...
EMP_ACTION_WORK_DEFAULT,—Ä–∞–±–æ—Ç–∞–µ—Ç...,working...
EMP_ACTION_GOING_HOME,–∏–¥—ë—Ç –¥–æ–º–æ–π,going home
EMP_ACTION_HOME,–¥–æ–º–∞,at home
EMP_ACTION_GOING_COFFEE,–∏–¥—ë—Ç –∑–∞ –∫–æ—Ñ–µ,getting coffee
EMP_ACTION_COFFEE_BREAK,–ø—å—ë—Ç –∫–æ—Ñ–µ,drinking coffee
EMP_ACTION_GOING_TOILET,–∏–¥—ë—Ç –≤ —Ç—É–∞–ª–µ—Ç,going to toilet
EMP_ACTION_TOILET_BREAK,–≤ —Ç—É–∞–ª–µ—Ç–µ,in toilet
EMP_ACTION_WANDERING,—Å–ª–æ–Ω—è–µ—Ç—Å—è –±–µ–∑ –¥–µ–ª–∞,wandering around
EMP_ACTION_WANDER_PAUSE,–∑–∞–¥—É–º–∞–ª—Å—è...,thinking...
ROLE_SHORT_DEV,DEV,DEV
ROLE_SHORT_BA,BA,BA
ROLE_SHORT_QA,QA,QA
GRADE_JUNIOR,Junior,Junior
GRADE_MIDDLE,Middle,Middle
GRADE_SENIOR,Senior,Senior
GRADE_LEAD,Lead,Lead
DESK_AVAILABLE,–°–í–û–ë–û–î–ù–û,AVAILABLE
ROSTER_GRADE_LEVEL,%s  –£—Ä. %d,%s  Lvl %d
ROSTER_MAX_LEVEL,‚ú¶ MAX,‚ú¶ MAX
ROSTER_SKILL,–ù–∞–≤—ã–∫:  %s,Skill:  %s
ROSTER_SALARY,–ó–∞—Ä–ø–ª–∞—Ç–∞: %d $/–º–µ—Å,Salary: $%d/mo
ROSTER_HIDDEN_TRAIT_TOOLTIP,–ù–µ–∏–∑–≤–µ—Å—Ç–Ω–æ–µ –∫–∞—á–µ—Å—Ç–≤–æ —Å–æ—Ç—Ä—É–¥–Ω–∏–∫–∞.\n–ò–∑—É—á–∏—Ç–µ –Ω–∞–≤—ã–∫ ¬´–ß—Ç–µ–Ω–∏–µ –ª—é–¥–µ–π¬ª –≤ –¥–µ—Ä–µ–≤–µ –Ω–∞–≤—ã–∫–æ–≤ PM.,Unknown employee trait.\nLearn the 'Read People' skill in the PM skill tree.
ROSTER_STATUS_IDLE,üí§ –ü—Ä–æ—Å—Ç–∞–∏–≤–∞–µ—Ç,üí§ Idle
ROSTER_STATUS_MOVING,üö∂ –ò–¥—ë—Ç –∫ —Å—Ç–æ–ª—É,üö∂ Going to desk
ROSTER_STATUS_WORKING,üîß –†–∞–±–æ—Ç–∞–µ—Ç (%s),üîß Working (%s)
ROSTER_STATUS_GOING_HOME,üè† –ò–¥—ë—Ç –¥–æ–º–æ–π,üè† Going home
ROSTER_STATUS_HOME,üè† –î–æ–º–∞,üè† At home
ROSTER_STATUS_GOING_COFFEE,‚òï –ò–¥—ë—Ç –∑–∞ –∫–æ—Ñ–µ,‚òï Getting coffee
ROSTER_STATUS_COFFEE_BREAK,‚òï –ö–æ—Ñ–µ-–±—Ä–µ–π–∫,‚òï Coffee break
ROSTER_STATUS_GOING_TOILET,üöΩ –ò–¥—ë—Ç –≤ —Ç—É–∞–ª–µ—Ç,üöΩ Going to toilet
ROSTER_STATUS_TOILET_BREAK,üöΩ –í —Ç—É–∞–ª–µ—Ç–µ,üöΩ In toilet
ROSTER_STATUS_WANDERING,üö∂ –°–ª–æ–Ω—è–µ—Ç—Å—è,üö∂ Wandering
ROSTER_STATUS_THINKING,üö∂ –°—Ç–æ–∏—Ç –¥—É–º–∞–µ—Ç,üö∂ Standing thinking
ROSTER_FIRE_CONFIRM_NAME,–£–≤–æ–ª–∏—Ç—å %s?,Fire %s?
ROSTER_FIRE_WARN_PROJECTS,‚ö†Ô∏è –≠—Ç–æ—Ç —Å–æ—Ç—Ä—É–¥–Ω–∏–∫ –Ω–∞–∑–Ω–∞—á–µ–Ω –Ω–∞ –ø—Ä–æ–µ–∫—Ç—ã:,‚ö†Ô∏è This employee is assigned to projects:
ROSTER_FIRE_WARN_STAGES,–û–Ω –±—É–¥–µ—Ç —Å–Ω—è—Ç —Å–æ –≤—Å–µ—Ö —ç—Ç–∞–ø–æ–≤!,They will be removed from all stages!
ROSTER_FIRE_TITLE,‚ö†Ô∏è –ü–æ–¥—Ç–≤–µ—Ä–∂–¥–µ–Ω–∏–µ —É–≤–æ–ª—å–Ω–µ–Ω–∏—è,‚ö†Ô∏è Confirm Firing
UI_CANCEL,–û—Ç–º–µ–Ω–∞,Cancel
EMP_SELECT_TITLE,–í—ã–±–µ—Ä–∏—Ç–µ —Å–æ—Ç—Ä—É–¥–Ω–∏–∫–∞,Select employee
EMP_SELECT_BUSY, ‚Äî üîí –ó–∞–Ω—è—Ç –Ω–∞ –ø—Ä–æ–µ–∫—Ç–µ, ‚Äî üîí Assigned to project
EMP_SELECT_NO_ROLE,‚ö† –ù–µ—Ç —Å–æ—Ç—Ä—É–¥–Ω–∏–∫–æ–≤ —Å —Ä–æ–ª—å—é %s,‚ö† No employees with role %s
REASON_PROJECT_ON_TIME,–ü—Ä–æ–µ–∫—Ç –∑–∞–≤–µ—Ä—à—ë–Ω –≤–æ–≤—Ä–µ–º—è,Project completed on time
REASON_PROJECT_LATE,–ü—Ä–æ–µ–∫—Ç –∑–∞–≤–µ—Ä—à—ë–Ω —Å –ø—Ä–æ—Å—Ä–æ—á–∫–æ–π,Project completed late
REASON_PROJECT_FAILED,–ü—Ä–æ–µ–∫—Ç –ø—Ä–æ–≤–∞–ª–µ–Ω,Project failed
HR_ROLE_TITLE,üîç –ö–∞–∫–æ–≥–æ —Å–ø–µ—Ü–∏–∞–ª–∏—Å—Ç–∞ –∏—â–µ–º?,üîç Who are we looking for?
HR_ROLE_HINT,–í—ã–±–µ—Ä–∏—Ç–µ —Ä–æ–ª—å —Å–æ—Ç—Ä—É–¥–Ω–∏–∫–∞ –∫–æ—Ç–æ—Ä–æ–≥–æ —Ö–æ—Ç–∏—Ç–µ –Ω–∞–π—Ç–∏:,Select the role of the employee you want to hire:
HR_ROLE_TIME_H,‚è± –ü–æ–∏—Å–∫ –∫–∞–Ω–¥–∏–¥–∞—Ç–æ–≤ –∑–∞–Ω–∏–º–∞–µ—Ç %d —á.,‚è± Candidate search takes %d h.
HR_ROLE_TIME_M,‚è± –ü–æ–∏—Å–∫ –∫–∞–Ω–¥–∏–¥–∞—Ç–æ–≤ –∑–∞–Ω–∏–º–∞–µ—Ç %d –º–∏–Ω.,‚è± Candidate search takes %d m.
HR_ROLE_BTN_SEARCH,üîç  –ù–∞—á–∞—Ç—å –ø–æ–∏—Å–∫,üîç  Start search
HR_ROLE_BTN_LATE,–°–ª–∏—à–∫–æ–º –ø–æ–∑–¥–Ω–æ,Too late
HR_ROLE_WARN_LATE,üïê –ü–æ–∏—Å–∫ –Ω–µ–ª—å–∑—è –Ω–∞—á–∞—Ç—å –ø–æ—Å–ª–µ %d:00 ‚Äî –Ω–µ —Ö–≤–∞—Ç–∏—Ç –≤—Ä–µ–º–µ–Ω–∏ –¥–æ –∫–æ–Ω—Ü–∞ —Ä–∞–±–æ—á–µ–≥–æ –¥–Ω—è.,üïê Search cannot be started after %d:00 ‚Äî not enough time before end of day.
HUD_BALANCE,$ %d ,$ %d 
HUD_INFO_NAME,–ò–º—è: %s ,Name: %s 
HUD_INFO_ROLE,–î–æ–ª–∂–Ω–æ—Å—Ç—å: %s ,Role: %s 
HUD_INFO_SALARY,–°—Ç–∞–≤–∫–∞: %d$/–º–µ—Å—è—Ü ,Salary: $%d/month 
PLAYER_DISCUSS_TITLE,–û–±—Å—É–∂–¥–µ–Ω–∏–µ,Meeting
PLAYER_COOLDOWN_FORMAT,‚è≥ –ü–µ—Ä–µ–∑–∞—Ä—è–¥–∫–∞: %d:%02d,‚è≥ Cooldown: %d:%02d
PLAYER_SKILL_READY,–ì–æ—Ç–æ–≤–æ!,Ready!
SKILL_VAL_LOW,–ù–∏–∑–∫–∏–π,Low
SKILL_VAL_MEDIUM,–°—Ä–µ–¥–Ω–∏–π,Medium
SKILL_VAL_HIGH,–í—ã—Å–æ–∫–∏–π,High
UI_XP_MAX,XP: %d (–ú–ê–ö–°.),XP: %d (MAX)
UI_SKILL_COST_VAL,üß† %d –æ—á–∫.,üß† %d pts.
UI_SKILL_UNLOCK_BTN,–ò–∑—É—á–∏—Ç—å,Unlock
PROJ_DEFAULT_TITLE,–ü—Ä–æ–µ–∫—Ç,Project
PROJ_UNKNOWN_CLIENT,–ù–µ–∏–∑–≤–µ—Å—Ç–Ω—ã–π –∫–ª–∏–µ–Ω—Ç,Unknown client
PROJ_CAT_MICRO,[MICRO],[MICRO]
PROJ_CAT_SIMPLE,[SIMPLE],[SIMPLE]
PROJ_CAT_EASY,[EASY],[EASY]
PROJ_CAT_UNKNOWN,[???],[???]
PROJ_LIST_EMPTY,–ù–µ—Ç –∞–∫—Ç–∏–≤–Ω—ã—Ö –ø—Ä–æ–µ–∫—Ç–æ–≤.\n–í–æ–∑—å–º–∏—Ç–µ –ø—Ä–æ–µ–∫—Ç —É –±–æ—Å—Å–∞.,No active projects.\nTake a project from the boss.
PROJ_LIST_STATUS_DRAFT,üìù –ß–µ—Ä–Ω–æ–≤–∏–∫ ‚Äî –Ω–∞–∑–Ω–∞—á—å—Ç–µ –ª—é–¥–µ–π –∏ –Ω–∞–∂–º–∏—Ç–µ –°—Ç–∞—Ä—Ç,üìù Draft ‚Äî assign people and press Start
PROJ_LIST_STATUS_IN_PROGRESS,üîß –í —Ä–∞–±–æ—Ç–µ ‚Äî —ç—Ç–∞–ø: %s,üîß In progress ‚Äî stage: %s
PROJ_LIST_FAILED_DEADLINE,‚ùå –ü—Ä–æ–≤–∞–ª–µ–Ω ‚Äî —Ö–∞—Ä–¥-–¥–µ–¥–ª–∞–π–Ω –∏—Å—Ç—ë–∫,‚ùå Failed ‚Äî hard deadline expired
PROJ_LIST_BUDGET_FAILED,–ë—é–¥–∂–µ—Ç: $0 (–ü—Ä–æ–≤–∞–ª),Budget: $0 (Failed)
PROJ_LIST_SOFT_INFO,–°–æ—Ñ—Ç: %s (–æ—Å—Ç. %d –¥–Ω.) | —à—Ç—Ä–∞—Ñ -%d%%,Soft: %s (%d d. left) | penalty -%d%%
PROJ_LIST_HARD_INFO,–•–∞—Ä–¥: %s (–æ—Å—Ç. %d –¥–Ω.),Hard: %s (%d d. left)
PROJ_LIST_PROGRESS,–ü—Ä–æ–≥—Ä–µ—Å—Å: %d%%,Progress: %d%%
UI_OPEN,–û—Ç–∫—Ä—ã—Ç—å,Open
LOG_MAX_PROJECTS,‚ö† –ú–∞–∫—Å–∏–º—É–º –∞–∫—Ç–∏–≤–Ω—ã—Ö –ø—Ä–æ–µ–∫—Ç–æ–≤ –¥–æ—Å—Ç–∏–≥–Ω—É—Ç! (%d),‚ö† Max active projects reached! (%d)
LOG_PROJECT_ADDED,üìã –ü—Ä–æ–µ–∫—Ç –¥–æ–±–∞–≤–ª–µ–Ω: %s (–≤—Å–µ–≥–æ: %d),üìã Project added: %s (total: %d)
LOG_PROJECT_FAILED,‚ùå –ü–†–û–ï–ö–¢ –ü–†–û–í–ê–õ–ï–ù (—Ö–∞—Ä–¥-–¥–µ–¥–ª–∞–π–Ω): %s,‚ùå PROJECT FAILED (hard deadline): %s
LOG_PROJECT_FINISHED_LATE,‚ö†Ô∏è –ü–†–û–ï–ö–¢ –ó–ê–í–ï–†–®–Å–ù –° –ü–†–û–°–†–û–ß–ö–û–ô: %s | –®—Ç—Ä–∞—Ñ: -$%d | –í—ã–ø–ª–∞—Ç–∞: $%d,‚ö†Ô∏è PROJECT FINISHED LATE: %s | Penalty: -$%d | Payout: $%d
LOG_PROJECT_FINISHED_ON_TIME,üéâ –ü–†–û–ï–ö–¢ –ó–ê–í–ï–†–®–Å–ù –í–û–í–†–ï–ú–Ø: %s | –í—ã–ø–ª–∞—Ç–∞: $%d,üéâ PROJECT FINISHED ON TIME: %s | Payout: $%d
LOG_XP_GAIN,üìà %s –ø–æ–ª—É—á–∏–ª %d XP –∑–∞ —ç—Ç–∞–ø %s,üìà %s gained %d XP for stage %s
PROJ_SEL_LIMIT_TITLE,‚ö† –î–æ—Å—Ç–∏–≥–Ω—É—Ç –ª–∏–º–∏—Ç –∞–∫—Ç–∏–≤–Ω—ã—Ö –ø—Ä–æ–µ–∫—Ç–æ–≤ (%d –∏–∑ %d),‚ö† Max active projects reached (%d out of %d)
PROJ_SEL_LIMIT_HINT,–ó–∞–≤–µ—Ä—à–∏—Ç–µ —Ç–µ–∫—É—â–∏–µ –ø—Ä–æ–µ–∫—Ç—ã –∏–ª–∏ –ø—Ä–æ–∫–∞—á–∞–π—Ç–µ –Ω–∞–≤—ã–∫ PM –¥–ª—è —É–≤–µ–ª–∏—á–µ–Ω–∏—è –ª–∏–º–∏—Ç–∞.,Complete current projects or upgrade PM skills to increase the limit.
PROJ_SEL_TIME_TITLE,üïê –ë–æ—Å—Å –Ω–µ —Ö–æ—á–µ—Ç –æ–±—Å—É–∂–¥–∞—Ç—å –ø—Ä–æ–µ–∫—Ç—ã –ø–æ—Å–ª–µ %d:00,üïê Boss doesn't want to discuss projects after %d:00
PROJ_SEL_TIME_HINT,–ü—Ä–∏—Ö–æ–¥–∏—Ç–µ –∑–∞–≤—Ç—Ä–∞ —É—Ç—Ä–æ–º.,Come back tomorrow morning.
PROJ_SEL_WEEK_DONE,–í—Å–µ –ø—Ä–æ–µ–∫—Ç—ã –Ω–∞ —ç—Ç–æ–π –Ω–µ–¥–µ–ª–µ –≤—ã–±—Ä–∞–Ω—ã!,All projects for this week have been selected!
PROJ_SEL_WORK_LABEL,–†–∞–±–æ—Ç—ã:,Work:
PROJ_SEL_BOSS_MEETING,‚è± –û–±—Å—É–∂–¥–µ–Ω–∏–µ —Å –±–æ—Å—Å–æ–º: %d —á.,‚è± Boss meeting: %d h.
PROJ_SEL_BUDGET_LABEL,–ë—é–¥–∂–µ—Ç %s,Budget %s
PROJ_SEL_BTN_LIMIT,–õ–∏–º–∏—Ç,Limit
PROJ_SEL_BTN_LATE,–ü–æ–∑–¥–Ω–æ,Late
PROJ_SEL_BTN_SELECT,–í—ã–±—Ä–∞—Ç—å,Select
PROJ_SEL_SOFT_DAYS,–°–æ—Ñ—Ç: %d –¥–Ω. (—à—Ç—Ä–∞—Ñ -%d%%),Soft: %d d. (penalty -%d%%)
PROJ_SEL_HARD_DAYS,–•–∞—Ä–¥: %d –¥–Ω. (–ø—Ä–æ–≤–∞–ª = $0),Hard: %d d. (fail = $0)
PROJECT_ASSIGN_WORKER_SHORT,–ù–∞–∑–Ω–∞—á–∏—Ç—å,Assign
STAGE_SHORT_BA,BA,BA
STAGE_SHORT_DEV,DEV,DEV
STAGE_SHORT_QA,QA,QA
PROJ_WIN_MONTH_SHORT,–ú–µ—Å. %d,Mo. %d
PROJ_WIN_DEADLINE_COMBINED,–°–æ—Ñ—Ç: %s (%d –¥–Ω. -%d%%) | –•–∞—Ä–¥: %s (%d –¥–Ω.),Soft: %s (%d d. -%d%%) | Hard: %s (%d d.)
PROJ_WIN_BTN_START,–ù–∞—á–∞—Ç—å –ø—Ä–æ–µ–∫—Ç,Start Project
LOG_PROJECT_STARTED,–ö–ù–û–ü–ö–ê –°–¢–ê–†–¢: –ó–∞–ø–∏—Å–∞–Ω–æ –≤—Ä–µ–º—è —Å—Ç–∞—Ä—Ç–∞ –ø—Ä–æ–µ–∫—Ç–∞ %s: %f,START BUTTON: Recorded start time for project %s: %f
LOG_WARN_ALREADY_ASSIGNED,‚ö†Ô∏è –≠—Ç–æ—Ç —Å–æ—Ç—Ä—É–¥–Ω–∏–∫ —É–∂–µ –Ω–∞–∑–Ω–∞—á–µ–Ω –Ω–∞ —ç—Ç–æ—Ç —ç—Ç–∞–ø!,‚ö†Ô∏è This employee is already assigned to this stage!
LOG_EMP_ASSIGNED,‚úÖ –ù–∞–∑–Ω–∞—á–µ–Ω: %s –Ω–∞ —ç—Ç–∞–ø %s (–≤—Å–µ–≥–æ: %d),‚úÖ Assigned: %s to stage %s (total: %d)
LOG_EMP_REMOVED,‚ùå –°–Ω—è—Ç: %s —Å —ç—Ç–∞–ø–∞ %s (–æ—Å—Ç–∞–ª–æ—Å—å: %d),‚ùå Removed: %s from stage %s (remaining: %d)
ASSIGN_MENU_CURRENT,  [—Ç–µ–∫—É—â–∏–π],  [current]
ASSIGN_MENU_NO_STAFF,‚ö† –ù–µ—Ç –¥–æ—Å—Ç—É–ø–Ω—ã—Ö —Å–æ—Ç—Ä—É–¥–Ω–∏–∫–æ–≤!,‚ö† No employees available!
LOG_WARN_ALREADY_AT_DESK,–≠—Ç–æ—Ç —Å–æ—Ç—Ä—É–¥–Ω–∏–∫ —É–∂–µ —Å–∏–¥–∏—Ç –∑–∞ —ç—Ç–∏–º —Å—Ç–æ–ª–æ–º!,This employee is already at this desk!
LOG_EMP_RELEASED,üîÑ %s –æ—Å–≤–æ–±–æ–∂–¥—ë–Ω –æ—Ç —Ç–µ–∫—É—â–µ–≥–æ —Å—Ç–æ–ª–∞,üîÑ %s released from current desk
LOG_EMP_MOVED_DESK,üîÑ %s —Å–Ω—è—Ç —Å–æ —Å—Ç–æ–ª–∞: %s,üîÑ %s removed from desk: %s
LOG_EMP_ORDER_DESK,‚úÖ %s –ø–æ–ª—É—á–∏–ª –ø—Ä–∏–∫–∞–∑ –∏–¥—Ç–∏ –∫ —Å—Ç–æ–ª—É!,‚úÖ %s ordered to move to desk!
MENU_SUBTITLE,–°–∏–º—É–ª—è—Ç–æ—Ä –æ—Ñ–∏—Å–Ω–æ–≥–æ –≤—ã–∂–∏–≤–∞–Ω–∏—è,Office Survival Simulator
MENU_CONTINUE,–ü—Ä–æ–¥–æ–ª–∂–∏—Ç—å,Continue
MENU_NEW_GAME,–ù–æ–≤–∞—è –∏–≥—Ä–∞,New Game
MENU_SETTINGS,–ù–∞—Å—Ç—Ä–æ–π–∫–∏,Settings
MENU_QUIT,–í—ã—Ö–æ–¥,Quit
MENU_LOADING,–ó–∞–≥—Ä—É–∑–∫–∞...,Loading...
MENU_LANGUAGE,–Ø–∑—ã–∫,Language
MENU_MUSIC_VOLUME,–ú—É–∑—ã–∫–∞,Music
MENU_SFX_VOLUME,–≠—Ñ—Ñ–µ–∫—Ç—ã,SFX
MENU_BACK,–ù–∞–∑–∞–¥,Back
PAUSE_TITLE,–ü–∞—É–∑–∞,Pause
PAUSE_RESUME,–ü—Ä–æ–¥–æ–ª–∂–∏—Ç—å,Resume
PAUSE_SAVE,–°–æ—Ö—Ä–∞–Ω–∏—Ç—å,Save Game
PAUSE_SAVED,–°–æ—Ö—Ä–∞–Ω–µ–Ω–æ!,Saved!
PAUSE_MAIN_MENU,–í –≥–ª–∞–≤–Ω–æ–µ –º–µ–Ω—é,Main Menu
TUTORIAL_TITLE,üò§ –û–±—É—á–µ–Ω–∏–µ,üò§ Tutorial
TUTORIAL_BOSS_SAYS,–ë–æ—Å—Å –≥–æ–≤–æ—Ä–∏—Ç...,Boss says...
TUTORIAL_BTN_NEXT,–î–∞–ª–µ–µ ‚Üí,Next ‚Üí
TUTORIAL_BTN_FINISH,–ó–∞ —Ä–∞–±–æ—Ç—É! üíº,Let's work! üíº
TUTORIAL_TITLE,üò§ –û–±—É—á–µ–Ω–∏–µ,üò§ Tutorial
TUTORIAL_BOSS_SAYS,–ë–æ—Å—Å –≥–æ–≤–æ—Ä–∏—Ç...,Boss says...
TUTORIAL_BTN_NEXT,–î–∞–ª–µ–µ ‚Üí,Next ‚Üí
TUTORIAL_BTN_FINISH,–ó–∞ —Ä–∞–±–æ—Ç—É! üíº,Let's work! üíº
TUTORIAL_STEP_1,"–ó–Ω–∞—á–∏—Ç —Ç–∞–∫, –Ω–æ–≤–µ–Ω—å–∫–∏–π. –£ –º–µ–Ω—è –º–∞–ª–æ –≤—Ä–µ–º–µ–Ω–∏, —Ç–∞–∫ —á—Ç–æ —Å–ª—É—à–∞–π –≤–Ω–∏–º–∞—Ç–µ–ª—å–Ω–æ.\n\n–ü–µ—Ä–µ–º–µ—â–∞–µ—à—å—Å—è ‚Äî WASD. –ö–∞–º–µ—Ä–∞ ‚Äî –∫–æ–ª—ë—Å–∏–∫–æ –º—ã—à–∏. –í–∑–∞–∏–º–æ–¥–µ–π—Å—Ç–≤–∏–µ —Å –æ–±—ä–µ–∫—Ç–∞–º–∏ ‚Äî –∫–ª–∞–≤–∏—à–∞ E.\n\n–≠—Ç–æ –≤—Å—ë, —á—Ç–æ —Ç–µ–±–µ –Ω—É–∂–Ω–æ –∑–Ω–∞—Ç—å –ø—Ä–æ –∫–Ω–æ–ø–∫–∏. –î–∞–ª—å—à–µ ‚Äî –≥–æ–ª–æ–≤–∞.","Right then, newbie. I don't have much time, so listen carefully.\n\nMove ‚Äî WASD. Camera ‚Äî mouse wheel. Interact with objects ‚Äî E key.\n\nThat's all you need to know about buttons. The rest is brains."
TUTORIAL_STEP_2,"–¢–µ–±—è –Ω–∞–Ω—è–ª–∏ –ø—Ä–æ–µ–∫—Ç–Ω—ã–º –º–µ–Ω–µ–¥–∂–µ—Ä–æ–º. –ù–µ —Å–ø—Ä–∞—à–∏–≤–∞–π, —á—å—è —ç—Ç–æ –±—ã–ª–∞ –∏–¥–µ—è.\n\n–ë–µ—Ä—ë—à—å –ø—Ä–æ–µ–∫—Ç—ã, —É–∫–ª–∞–¥—ã–≤–∞–µ—à—å—Å—è –≤ —Å—Ä–æ–∫–∏, —Å–ª–µ–¥–∏—à—å –∑–∞ —Å–æ—Ç—Ä—É–¥–Ω–∏–∫–∞–º–∏ –∏ –∑–∞—Ä–∞–±–∞—Ç—ã–≤–∞–µ—à—å –¥–µ–Ω—å–≥–∏. –í—Å—ë –ø—Ä–æ—Å—Ç–æ ‚Äî –Ω–∞ —Å–ª–æ–≤–∞—Ö.\n\n–ï—Å–ª–∏ –±–∞–ª–∞–Ω—Å —É–π–¥—ë—Ç –≤ –º–∏–Ω—É—Å, –∞ –∑–∞–∫–∞–∑—á–∏–∫–∏ –Ω–∞—á–Ω—É—Ç –∂–∞–ª–æ–≤–∞—Ç—å—Å—è ‚Äî –≤–∏–Ω–æ–≤–∞—Ç –±—É–¥–µ—à—å —Ç—ã. –ù–µ —è.","You were hired as a project manager. Don't ask whose idea that was.\n\nTake projects, meet deadlines, manage employees, make money. Simple ‚Äî in theory.\n\nIf the balance goes negative and clients start complaining ‚Äî that's on you. Not me."
TUTORIAL_STEP_3,"–Ø ‚Äî –±–æ—Å—Å. –ö–∞–±–∏–Ω–µ—Ç —Å–ø—Ä–∞–≤–∞ –ø–æ –∫–æ—Ä–∏–¥–æ—Ä—É.\n\n–†–∞–∑ –≤ –º–µ—Å—è—Ü –ø—Ä–∏—Ö–æ–¥–∏—à—å –∫–æ –º–Ω–µ ‚Äî —è –¥–∞—é –∑–∞–¥–∞—á–∏. –°–ø—Ä–∞–≤–∏—à—å—Å—è ‚Äî —Ö–æ—Ä–æ—à–æ. –ü—Ä–æ–≤–∞–ª–∏—à—å ‚Äî —è –∑–∞–ø–æ–º–Ω—é.\n\n–°–µ–π—á–∞—Å –∏–¥–∏ –∫–æ –º–Ω–µ –∏ –≤–æ–∑—å–º–∏ –ø–µ—Ä–≤–æ–µ –∑–∞–¥–∞–Ω–∏–µ. –ü–æ–∫–∞ —Ç—ã —ç—Ç–æ–≥–æ –Ω–µ —Å–¥–µ–ª–∞–µ—à—å, –ø—Ä–æ–µ–∫—Ç—ã —è —Ç–µ–±–µ –≤—ã–¥–∞–≤–∞—Ç—å –Ω–µ –±—É–¥—É.","I'm the boss. Office is to the right down the corridor.\n\nOnce a month you come to me ‚Äî I give assignments. Succeed ‚Äî good. Fail ‚Äî I'll remember.\n\nGo to me now and pick up your first task. Until you do, I won't be giving you any projects."
TUTORIAL_STEP_4,"–ü–æ –∫–æ—Ä–∏–¥–æ—Ä—É –¥–∞–ª—å—à–µ ‚Äî –æ—Ç–¥–µ–ª –∫–∞–¥—Ä–æ–≤. –¢–∞–º —Ç—ã –Ω–∞–Ω–∏–º–∞–µ—à—å —Å–æ—Ç—Ä—É–¥–Ω–∏–∫–æ–≤.\n\n–ë–µ–∑ –∫–æ–º–∞–Ω–¥—ã —Ä–∞–±–æ—Ç–∞—Ç—å –Ω–µ–∫–æ–º—É. –õ–æ–≥–∏—á–Ω–æ, –ø—Ä–∞–≤–¥–∞?\n\n–¢–æ–ª—å–∫–æ –ø–æ–º–Ω–∏: –∫–∞–∂–¥—ã–π –Ω–∞–Ω—è—Ç—ã–π ‚Äî —ç—Ç–æ –∑–∞—Ä–ø–ª–∞—Ç–∞ –∫–∞–∂–¥—ã–π –¥–µ–Ω—å. –¢–∞–∫ —á—Ç–æ –Ω–µ –Ω–∞–±–∏—Ä–∞–π –≤—Å–µ—Ö –ø–æ–¥—Ä—è–¥.","Further down the corridor is HR. That's where you hire employees.\n\nNo team ‚Äî no one to work. Logical, right?\n\nJust remember: every hire means a daily salary. So don't just hire everyone you see."
TUTORIAL_STEP_5,"–¢–≤–æ—ë —Ä–∞–±–æ—á–µ–µ –º–µ—Å—Ç–æ ‚Äî —á—É—Ç—å –≤—ã—à–µ –Ω–∞ —ç–∫—Ä–∞–Ω–µ. –ü–æ–¥–æ–π–¥–∏, –Ω–∞–∂–º–∏ E.\n\n–¢–∞–º —Ç—ã –≤–∏–¥–∏—à—å –≤—Å–µ —Å–≤–æ–∏ –ø—Ä–æ–µ–∫—Ç—ã, –Ω–∞–∑–Ω–∞—á–∞–µ—à—å –∏—Å–ø–æ–ª–Ω–∏—Ç–µ–ª–µ–π –Ω–∞ —ç—Ç–∞–ø—ã –∏ –∑–∞–ø—É—Å–∫–∞–µ—à—å —Ä–∞–±–æ—Ç—É.\n\n–ë–µ–∑ –Ω–∞–∂–∞—Ç–∏—è ¬´–ù–∞—á–∞—Ç—å –ø—Ä–æ–µ–∫—Ç¬ª –Ω–∏—á–µ–≥–æ –Ω–µ –ø—Ä–æ–∏–∑–æ–π–¥—ë—Ç. –õ—é–¥–∏ –Ω–µ —Ç–µ–ª–µ–ø–∞—Ç—ã.","Your workstation is just above you on screen. Walk up, press E.\n\nThere you see all your projects, assign workers to stages, and start work.\n\nWithout pressing 'Start Project' nothing will happen. People aren't mind readers."
TUTORIAL_STEP_6,"–°–æ—Ç—Ä—É–¥–Ω–∏–∫–æ–≤ –º–∞–ª–æ –Ω–∞–Ω—è—Ç—å ‚Äî –∏—Ö –Ω—É–∂–Ω–æ –ø–æ—Å–∞–¥–∏—Ç—å –∑–∞ —Å—Ç–æ–ª—ã.\n\n–ü–æ–¥—Ö–æ–¥–∏—à—å –∫ —Å—Ç–æ–ª—É, –∂–º—ë—à—å E, –≤—ã–±–∏—Ä–∞–µ—à—å —Ä–∞–±–æ—Ç–Ω–∏–∫–∞. –ë–µ–∑ —Ä–∞–±–æ—á–µ–≥–æ –º–µ—Å—Ç–∞ –æ–Ω–∏ –±—É–¥—É—Ç –±—Ä–æ–¥–∏—Ç—å –ø–æ –æ—Ñ–∏—Å—É –∫–∞–∫ —Ç—É—Ä–∏—Å—Ç—ã.\n\n–ú–Ω–µ —Ç—É—Ä–∏—Å—Ç—ã –≤ –æ—Ñ–∏—Å–µ –Ω–µ –Ω—É–∂–Ω—ã.","Hiring employees isn't enough ‚Äî you need to seat them at desks.\n\nWalk up to a desk, press E, choose a worker. Without a workspace they'll wander around the office like tourists.\n\nI don't need tourists in my office."
TUTORIAL_STEP_7,"–í—Å—ë. –ë–æ–ª—å—à–µ —Ä–∞–∑–∂—ë–≤—ã–≤–∞—Ç—å –Ω–µ —Å–æ–±–∏—Ä–∞—é—Å—å ‚Äî —Ç—ã –≤–∑—Ä–æ—Å–ª—ã–π —á–µ–ª–æ–≤–µ–∫. –ù–∞–≤–µ—Ä–Ω–æ–µ.\n\n–î–µ–¥–ª–∞–π–Ω—ã —Ç–∏–∫–∞—é—Ç, –∑–∞–∫–∞–∑—á–∏–∫–∏ –∂–¥—É—Ç, –¥–µ–Ω—å–≥–∏ —Å–∞–º–∏ –Ω–µ –ø–æ—è–≤—è—Ç—Å—è. –í–ø–µ—Ä—ë–¥.\n\n–ù–∞—Å—á—ë—Ç —Ç–≤–æ–µ–π –∑–∞—Ä–ø–ª–∞—Ç—ã ‚Äî –Ω–µ —Å–µ–π—á–∞—Å. –°–Ω–∞—á–∞–ª–∞ –¥–æ–∫–∞–∂–∏, —á—Ç–æ —Ç—ã –µ—ë –∑–∞—Å–ª—É–∂–∏–≤–∞–µ—à—å.","That's it. I'm not going to spoon-feed you anymore ‚Äî you're an adult. Presumably.\n\nDeadlines are ticking, clients are waiting, money won't appear on its own. Get going.\n\nAs for your salary ‚Äî not now. First prove you deserve one."
TAB_ACTIVE_PROJECTS,–ê–∫—Ç–∏–≤–Ω—ã–µ –ø—Ä–æ–µ–∫—Ç—ã,Active Projects
TAB_COMPLETED_PROJECTS,–ó–∞–≤–µ—Ä—à–µ–Ω–Ω—ã–µ –ø—Ä–æ–µ–∫—Ç—ã,Completed Projects
HR_ROLE_TIME_H_M,–í—Ä–µ–º—è –ø–æ–∏—Å–∫–∞: %s —á. %s –º–∏–Ω. ,Search will take: %s h. %s min. 
EVENT_SICK_TITLE,–ë–æ–ª–µ–∑–Ω—å —Å–æ—Ç—Ä—É–¥–Ω–∏–∫–∞,Employee Illness
EVENT_SICK_DESC,%s —Å–ª—ë–≥ —Å —Ç–µ–º–ø–µ—Ä–∞—Ç—É—Ä–æ–π –∏ –Ω–µ –º–æ–∂–µ—Ç –≤—ã–π—Ç–∏ –Ω–∞ —Ä–∞–±–æ—Ç—É.,%s has fallen ill and cannot come to work.
EVENT_SICK_CHOICE_CURE,–û–ø–ª–∞—Ç–∏—Ç—å —ç–∫—Å–ø—Ä–µ—Å—Å-–ª–µ—á–µ–Ω–∏–µ ($%d),Pay for express treatment ($%d)
EVENT_SICK_CURE_DESC,–í–µ—Ä–Ω—ë—Ç—Å—è –∑–∞–≤—Ç—Ä–∞.,Will return tomorrow.
EVENT_SICK_CHOICE_LEAVE,–û—Ç–ø—Ä–∞–≤–∏—Ç—å –Ω–∞ –±–æ–ª—å–Ω–∏—á–Ω—ã–π,Send on sick leave
EVENT_SICK_LEAVE_DESC,–í–µ—Ä–Ω—ë—Ç—Å—è —á–µ—Ä–µ–∑ %d –¥–Ω. –ë–µ—Å–ø–ª–∞—Ç–Ω–æ. –ó–∞—Ä–ø–ª–∞—Ç–∞ —Å–æ—Ö—Ä–∞–Ω—è–µ—Ç—Å—è.,Will return in %d days. Free. Salary is preserved.
EVENT_DAYOFF_TITLE,–ü—Ä–æ—Å—å–±–∞ –æ–± –æ—Ç–≥—É–ª–µ,Request for Day Off
EVENT_DAYOFF_DESC,"%s –ø–æ–¥—Ö–æ–¥–∏—Ç –∫ –≤–∞–º: ""–£ –º–µ–Ω—è —Å—Ä–æ—á–Ω–∞—è —Å–∏—Ç—É–∞—Ü–∏—è –¥–æ–º–∞, –º–æ–∂–Ω–æ —è —É–π–¥—É –Ω–∞ —Å–µ–≥–æ–¥–Ω—è?""","%s approaches you: ""I have an urgent situation at home, can I leave for today?"""
EVENT_DAYOFF_CHOICE_ALLOW,–û—Ç–ø—É—Å—Ç–∏—Ç—å,Let them go
EVENT_DAYOFF_ALLOW_DESC,–£–π–¥—ë—Ç –¥–æ –∫–æ–Ω—Ü–∞ –¥–Ω—è. –ó–∞–≤—Ç—Ä–∞ –≤–µ—Ä–Ω—ë—Ç—Å—è —Å –±–æ–Ω—É—Å–æ–º +10% –∫ —ç—Ñ—Ñ–µ–∫—Ç–∏–≤–Ω–æ—Å—Ç–∏.,Will leave for the day. Tomorrow returns with +10% efficiency bonus.
EVENT_DAYOFF_CHOICE_DENY,–û—Ç–∫–∞–∑–∞—Ç—å,Deny
EVENT_DAYOFF_DENY_DESC,–û—Å—Ç–∞–Ω–µ—Ç—Å—è —Ä–∞–±–æ—Ç–∞—Ç—å —Å -20% —ç—Ñ—Ñ–µ–∫—Ç–∏–≤–Ω–æ—Å—Ç—å—é –¥–æ –∫–æ–Ω—Ü–∞ –¥–Ω—è.,Will stay working but with -20% efficiency until end of day.
ROSTER_STATUS_SICK,ü§í –ë–æ–ª–µ–µ—Ç (%d –¥–Ω.),ü§í Sick (%d d.)
ROSTER_STATUS_DAYOFF,üè† –í –æ—Ç–≥—É–ª–µ,üè† Day off
ROSTER_STATUS_BUFF,üíö –ú–æ—Ç–∏–≤–∏—Ä–æ–≤–∞–Ω,üíö Motivated
ROSTER_STATUS_DEBUFF,üò§ –†–∞–∑–¥—Ä–∞–∂—ë–Ω,üò§ Irritated
EMP_ACTION_SICK_LEAVE,ü§í –ù–∞ –±–æ–ª—å–Ω–∏—á–Ω–æ–º,ü§í Sick leave
EMP_ACTION_DAY_OFF,üè† –í –æ—Ç–≥—É–ª–µ,üè† Day off
MOOD_ZONE_MISERABLE,–ü–æ–¥–∞–≤–ª–µ–Ω,Miserable
MOOD_ZONE_SAD,–ì—Ä—É—Å—Ç–∏—Ç,Sad
MOOD_ZONE_NORMAL,–ù–æ—Ä–º–∞–ª—å–Ω–æ,Normal
MOOD_ZONE_GOOD,–•–æ—Ä–æ—à–æ,Good
MOOD_ZONE_HAPPY,–°—á–∞—Å—Ç–ª–∏–≤,Happy
ROSTER_MOOD,üé≠ –ù–∞—Å—Ç—Ä–æ–µ–Ω–∏–µ: %d (%s),üé≠ Mood: %d (%s)
ROSTER_EFF_BREAKDOWN_TITLE,‚öôÔ∏è –ò–∑ —á–µ–≥–æ —Å–∫–ª–∞–¥—ã–≤–∞–µ—Ç—Å—è:,‚öôÔ∏è Efficiency breakdown:
ROSTER_EFF_BREAKDOWN_MOOD,üé≠ –ù–∞—Å—Ç—Ä–æ–µ–Ω–∏–µ: %s (%d) ‚Üí %s,üé≠ Mood: %s (%d) ‚Üí %s
ROSTER_EFF_BREAKDOWN_ENERGY,‚ö° –≠–Ω–µ—Ä–≥–∏—è: %d%% ‚Üí %s,‚ö° Energy: %d%% ‚Üí %s
ROSTER_EFF_BREAKDOWN_TRAITS,üß¨ –¢—Ä–µ–π—Ç—ã: %s,üß¨ Traits: %s
ROSTER_EFF_BREAKDOWN_MOTIVATION,üî• –ú–æ—Ç–∏–≤–∞—Ü–∏—è: %s,üî• Motivation: %s
ROSTER_EFF_BREAKDOWN_EVENTS,üé≤ –ò–≤–µ–Ω—Ç—ã: %s,üé≤ Events: %s
ROSTER_EFF_BREAKDOWN_TOTAL,üìä –ò—Ç–æ–≥–æ: %s,üìä Total: %s
MOOD_MOD_HAS_DESK,–ï—Å—Ç—å —Ä–∞–±–æ—á–µ–µ –∑–∞–¥–∞–Ω–∏–µ,Has work assignment
MOOD_MOD_NO_DESK,–ù–µ—Ç —Ä–∞–±–æ—á–µ–≥–æ –∑–∞–¥–∞–Ω–∏—è,No work assignment
ROSTER_MOOD_BREAKDOWN_TITLE,üé≠ –ò–∑ —á–µ–≥–æ —Å–∫–ª–∞–¥—ã–≤–∞–µ—Ç—Å—è –Ω–∞—Å—Ç—Ä–æ–µ–Ω–∏–µ:,üé≠ Mood breakdown:
ROSTER_MOOD_BREAKDOWN_BASE,–ë–∞–∑–∞: %d,Base: %d
ROSTER_MOOD_BREAKDOWN_TARGET,üéØ –ï—Å—Ç–µ—Å—Ç–≤–µ–Ω–Ω—ã–π —É—Ä–æ–≤–µ–Ω—å: %d,üéØ Natural target: %d
ROSTER_MOOD_BREAKDOWN_CURRENT,üìç –¢–µ–∫—É—â–µ–µ: %d,üìç Current mood: %d
ROSTER_MOOD_BREAKDOWN_CURRENT,üìç –¢–µ–∫—É—â–µ–µ: %d,üìç Current mood: %d
ROSTER_MOOD_BREAKDOWN_PERMANENT,üìå –ü–æ—Å—Ç–æ—è–Ω–Ω—ã–µ:,üìå Permanent:
ROSTER_MOOD_BREAKDOWN_TEMPORARY,‚è≥ –í—Ä–µ–º–µ–Ω–Ω—ã–µ:,‚è≥ Temporary:
MOOD_MOD_COFFEE,–í—ã–ø–∏–ª –∫–æ—Ñ–µ,Had coffee
MOOD_MOD_TOILET,–°—Ö–æ–¥–∏–ª –≤ —Ç—É–∞–ª–µ—Ç,Used toilet
MOOD_MOD_STAGE_COMPLETE,–ó–∞–≤–µ—Ä—à–∏–ª —ç—Ç–∞–ø,Completed stage
MOOD_MOD_LEVEL_UP,–ü–æ–≤—ã—à–µ–Ω–∏–µ —É—Ä–æ–≤–Ω—è!,Level up!
MOOD_MOD_PROJECT_SUCCESS,–ü—Ä–æ–µ–∫—Ç —É—Å–ø–µ—à–µ–Ω,Project succeeded
MOOD_MOD_PROJECT_FAILED,–ü—Ä–æ–µ–∫—Ç –ø—Ä–æ–≤–∞–ª–µ–Ω,Project failed
MOOD_MOD_TRAIT_FAST_LEARNER,–¢—Ä–µ–π—Ç: –ë—ã—Å—Ç—Ä—ã–π —É–º,Trait: Fast Learner
MOOD_MOD_TRAIT_ENERGIZER,–¢—Ä–µ–π—Ç: –≠–Ω–µ—Ä–¥–∂–∞–π–∑–µ—Ä,Trait: Energizer
MOOD_MOD_TRAIT_EARLY_BIRD,–¢—Ä–µ–π—Ç: –†–∞–Ω–Ω—è—è –ø—Ç–∞—à–∫–∞,Trait: Early Bird
MOOD_MOD_TRAIT_CHEAP_HIRE,–¢—Ä–µ–π—Ç: –°–∫—Ä–æ–º–Ω—ã–π,Trait: Modest
MOOD_MOD_TRAIT_COFFEE_LOVER,–¢—Ä–µ–π—Ç: –ö–æ—Ñ–µ–º–∞–Ω,Trait: Coffee Addict
MOOD_MOD_TRAIT_TOILET_LOVER,–¢—Ä–µ–π—Ç: –õ—é–±–∏—Ç –ø–æ–∫–∞–∫–∞—Ç—å,Trait: Toilet Lover
MOOD_MOD_TRAIT_SLOWPOKE,–¢—Ä–µ–π—Ç: –¢–æ—Ä–º–æ–∑,Trait: Slowpoke
MOOD_MOD_TRAIT_EXPENSIVE,–¢—Ä–µ–π—Ç: –ó–∞–∑–Ω–∞–π–∫–∞,Trait: Pricey
TRAIT_OPTIMIST,üòä –û–ø—Ç–∏–º–∏—Å—Ç,üòä Optimist
TRAIT_PESSIMIST,üòû –ü–µ—Å—Å–∏–º–∏—Å—Ç,üòû Pessimist
TRAIT_ATHLETIC,üèÉ –°–ø–æ—Ä—Ç—Å–º–µ–Ω,üèÉ Athletic
TRAIT_SLEEPYHEAD,üò¥ –°–æ–Ω—è,üò¥ Sleepyhead
TRAIT_DESC_OPTIMIST,–ü–æ–∑–∏—Ç–∏–≤–Ω—ã–π –≤–∑–≥–ª—è–¥ –Ω–∞ –∂–∏–∑–Ω—å. +8 –∫ –Ω–∞—Å—Ç—Ä–æ–µ–Ω–∏—é.,Positive outlook on life. +8 to mood.
TRAIT_DESC_PESSIMIST,–í—Å–µ–≥–¥–∞ –æ–∂–∏–¥–∞–µ—Ç —Ö—É–¥—à–µ–≥–æ. -8 –∫ –Ω–∞—Å—Ç—Ä–æ–µ–Ω–∏—é.,Always expects the worst. -8 to mood.
TRAIT_DESC_ATHLETIC,–ë–æ–¥—Ä—ã–π –ø–æ —É—Ç—Ä–∞–º. –î–æ 13:00: +3 –Ω–∞—Å—Ç—Ä–æ–µ–Ω–∏–µ –∏ +5% —ç—Ñ—Ñ–µ–∫—Ç–∏–≤–Ω–æ—Å—Ç—å.,Energetic in the mornings. Before 13:00: +3 mood and +5% efficiency.
TRAIT_DESC_SLEEPYHEAD,–ö–ª—é—ë—Ç –Ω–æ—Å–æ–º –ø–æ—Å–ª–µ –æ–±–µ–¥–∞. –ü–æ—Å–ª–µ 14:00: -3 –Ω–∞—Å—Ç—Ä–æ–µ–Ω–∏–µ –∏ -5% —ç—Ñ—Ñ–µ–∫—Ç–∏–≤–Ω–æ—Å—Ç—å.,Drowsy after lunch. After 14:00: -3 mood and -5% efficiency.
MOOD_MOD_ATHLETIC_ACTIVE,üèÉ –°–ø–æ—Ä—Ç—Å–º–µ–Ω (–¥–æ 13:00),üèÉ Athletic (before 13:00)
MOOD_MOD_ATHLETIC_INACTIVE,üèÉ –°–ø–æ—Ä—Ç—Å–º–µ–Ω (–Ω–µ–∞–∫—Ç–∏–≤–µ–Ω),üèÉ Athletic (inactive)
MOOD_MOD_SLEEPYHEAD_ACTIVE,üò¥ –°–æ–Ω—è (–ø–æ—Å–ª–µ 14:00),üò¥ Sleepyhead (after 14:00)
MOOD_MOD_SLEEPYHEAD_INACTIVE,üò¥ –°–æ–Ω—è (–Ω–µ–∞–∫—Ç–∏–≤–µ–Ω),üò¥ Sleepyhead (inactive)
MOOD_MOD_DAYOFF_ALLOW,–ë–ª–∞–≥–æ–¥–∞—Ä–µ–Ω –∑–∞ –æ—Ç–≥—É–ª,Grateful for day off
MOOD_MOD_DAYOFF_DENY,–û–±–∏–∂–µ–Ω –∑–∞ –æ—Ç–∫–∞–∑ –≤ –æ—Ç–≥—É–ª–µ,Upset about denied day off
EVENT_SCOPE_TITLE,–†–∞—Å—à–∏—Ä–µ–Ω–∏–µ —Å–∫–æ—É–ø–∞,Scope Expansion
EVENT_SCOPE_DESC,–ö–ª–∏–µ–Ω—Ç %s –ø—Ä–æ—Å–∏—Ç –¥–æ–±–∞–≤–∏—Ç—å —Ñ—É–Ω–∫—Ü–∏–æ–Ω–∞–ª –≤ –ø—Ä–æ–µ–∫—Ç ¬´%s¬ª.,"Client %s asks to add features to project ""%s""."
EVENT_SCOPE_CHOICE_ACCEPT,–°–æ–≥–ª–∞—Å–∏—Ç—å—Å—è,Accept
EVENT_SCOPE_ACCEPT_DESC,"+%d%% —Ä–∞–±–æ—Ç—ã –Ω–∞ —Ç–µ–∫—É—â–µ–º —ç—Ç–∞–ø–µ, +%d%% –±—é–¥–∂–µ—Ç–∞. –î–µ–¥–ª–∞–π–Ω –±–µ–∑ –∏–∑–º–µ–Ω–µ–Ω–∏–π.","+%d%% work on current stage, +%d%% budget. Deadline unchanged."
EVENT_SCOPE_CHOICE_DECLINE,–û—Ç–∫–∞–∑–∞—Ç—å,Decline
EVENT_SCOPE_DECLINE_DESC,–õ–æ—è–ª—å–Ω–æ—Å—Ç—å –∫–ª–∏–µ–Ω—Ç–∞ —Å–Ω–∏–∑–∏—Ç—Å—è –Ω–∞ 1.,Client loyalty will decrease by 1.
EVENT_REVIEW_TITLE,–û—Ç–∑—ã–≤ –∫–ª–∏–µ–Ω—Ç–∞,Client Review
EVENT_REVIEW_DESC,–ö–ª–∏–µ–Ω—Ç %s –¥–æ–≤–æ–ª–µ–Ω —Ä–∞–±–æ—Ç–æ–π –Ω–∞–¥ ¬´%s¬ª –∏ –≥–æ—Ç–æ–≤ –æ—Å—Ç–∞–≤–∏—Ç—å –æ—Ç–∑—ã–≤.,"Client %s is satisfied with ""%s"" and is ready to leave a review."
EVENT_REVIEW_CHOICE_REVIEW,–ü–æ–ø—Ä–æ—Å–∏—Ç—å –æ—Ç–∑—ã–≤,Ask for Review
EVENT_REVIEW_REVIEW_DESC,+2 –ª–æ—è–ª—å–Ω–æ—Å—Ç–∏ –∫–ª–∏–µ–Ω—Ç–∞.,+2 client loyalty.
EVENT_REVIEW_CHOICE_BONUS,–ü–æ–ø—Ä–æ—Å–∏—Ç—å –±–æ–Ω—É—Å,Ask for Bonus
EVENT_REVIEW_BONUS_DESC,–ü–æ–ª—É—á–∏—Ç—å +$%d (10%% –±—é–¥–∂–µ—Ç–∞ –ø—Ä–æ–µ–∫—Ç–∞).,Receive +$%d (10%% of project budget).
EVENT_CANCEL_TITLE,–†–∞–∑—Ä—ã–≤ –∫–æ–Ω—Ç—Ä–∞–∫—Ç–∞,Contract Cancelled
EVENT_CANCEL_DESC,"–ö–ª–∏–µ–Ω—Ç %s —Å–æ–æ–±—â–∏–ª, —á—Ç–æ –±–æ–ª—å—à–µ –Ω–µ –Ω—É–∂–¥–∞–µ—Ç—Å—è –≤ –ø—Ä–æ–µ–∫—ÇÔøΩÔøΩ ¬´%s¬ª. –ö–æ–Ω—Ç—Ä–∞–∫—Ç —Ä–∞—Å—Ç–æ—Ä–≥–Ω—É—Ç.","Client %s has informed that project ""%s"" is no longer needed. Contract terminated."
EVENT_CANCEL_CHOICE_OK,–ü–æ–Ω—è—Ç–Ω–æ,Understood
EVENT_CANCEL_OK_DESC,–ü–æ–ª—É—á–∏—Ç—å $%d –Ω–µ—É—Å—Ç–æ–π–∫—É (30%% –±—é–¥–∂–µ—Ç–∞).,Receive $%d penalty fee (30%% of budget).
EVENT_JUNIOR_TITLE,–û—à–∏–±–∫–∞ –¥–∂—É–Ω–∏–æ—Ä–∞,Junior's Mistake
EVENT_JUNIOR_DESC,%s –¥–æ–ø—É—Å—Ç–∏–ª –æ—à–∏–±–∫—É –Ω–∞ —ç—Ç–∞–ø–µ ¬´%s¬ª –ø—Ä–æ–µ–∫—Ç–∞ ¬´%s¬ª. –ù—É–∂–Ω–æ –ø–µ—Ä–µ–¥–µ–ª—ã–≤–∞—Ç—å —á–∞—Å—Ç—å —Ä–∞–±–æ—Ç—ã.,"%s made a mistake on stage ""%s"" of project ""%s"". Part of the work needs to be redone."
EVENT_JUNIOR_CHOICE_SCOLD,–û—Ç—á–∏—Ç–∞—Ç—å –ø—Ä–∏ –≤—Å–µ—Ö,Scold publicly
EVENT_JUNIOR_SCOLD_DESC,"+%d%% –¥–æ–ø. —Ä–∞–±–æ—Ç—ã (–≤–¥–≤–æ–µ –º–µ–Ω—å—à–µ), –Ω–æ -10 –Ω–∞—Å—Ç—Ä–æ–µ–Ω–∏—è –Ω–∞ 2 —Å—É—Ç–æ–∫.","+%d%% extra work (halved), but -10 mood for 2 days."
EVENT_JUNIOR_CHOICE_HELP,–ü–æ–º–æ—á—å —Ä–∞–∑–æ–±—Ä–∞—Ç—å—Å—è,Help out
EVENT_JUNIOR_HELP_DESC,"+%d%% –¥–æ–ø. —Ä–∞–±–æ—Ç—ã, +5 –Ω–∞—Å—Ç—Ä–æ–µ–Ω–∏—è, √ó1.5 XP –∑–∞ —ç—Ç–∞–ø.","+%d%% extra work, +5 mood, √ó1.5 XP for this stage."
EVENT_UNKNOWN_CLIENT,–ù–µ–∏–∑–≤–µ—Å—Ç–Ω—ã–π –∫–ª–∏–µ–Ω—Ç,Unknown client
MOOD_MOD_SCOLDED,–û—Ç—á–∏—Ç–∞–Ω –ø—Ä–∏ –≤—Å–µ—Ö,Scolded publicly
MOOD_MOD_HELPED,–ü–æ–º–æ—â—å –æ—Ç PM,Help from PM
EMP_ACTION_GOING_LUNCH,–ò–¥—ë—Ç –Ω–∞ –æ–±–µ–¥,Going to lunch
EMP_ACTION_LUNCH_FRIDGE,–ë–µ—Ä—ë—Ç –µ–¥—É,Getting food
EMP_ACTION_LUNCH_KITCHEN,–ì–æ—Ç–æ–≤–∏—Ç,Cooking
EMP_ACTION_LUNCH_EATING,–û–±–µ–¥–∞–µ—Ç,Having lunch
MOOD_MOD_LUNCH,–ü–æ–æ–±–µ–¥–∞–ª,Had lunch
ROSTER_STATUS_GOING_LUNCH,üçΩÔ∏è –ò–¥—ë—Ç –Ω–∞ –æ–±–µ–¥,üçΩÔ∏è Going to lunch
ROSTER_STATUS_LUNCH_FRIDGE,üçΩÔ∏è –ë–µ—Ä—ë—Ç –µ–¥—É,üçΩÔ∏è Getting food
ROSTER_STATUS_LUNCH_KITCHEN,üçΩÔ∏è –ì–æ—Ç–æ–≤–∏—Ç,üçΩÔ∏è Cooking
ROSTER_STATUS_LUNCH_EATING,üçΩÔ∏è –û–±–µ–¥–∞–µ—Ç,üçΩÔ∏è Having lunch
TITLE_MY_PROJECTS,–ú–æ–∏ –ø—Ä–æ–µ–∫—Ç—ã ,My Projects 
TITLE_HIRING_MENU,–ù–∞–π–º —Å–æ—Ç—Ä—É–¥–Ω–∏–∫–æ–≤ ,Hiring 
PROJ_FIX_BUG,–ò—Å–ø—Ä–∞–≤–ª–µ–Ω–∏–µ –±–∞–≥–∞,Fix Bug
PROJ_TEST_FORM,–¢–µ—Å—Ç–∏—Ä–æ–≤–∞–Ω–∏–µ —Ñ–æ—Ä–º—ã,Test Form
PROJ_WRITE_TZ,–ù–∞–ø–∏—Å–∞–Ω–∏–µ –¢–ó,Write Spec
PROJ_FIX_LAYOUT,–ü—Ä–∞–≤–∫–∞ –≤–µ—Ä—Å—Ç–∫–∏,Fix Layout
PROJ_TEST_AUTH,–¢–µ—Å—Ç –∞–≤—Ç–æ—Ä–∏–∑–∞—Ü–∏–∏,Test Auth
PROJ_COMPETITOR_ANALYSIS,–ê–Ω–∞–ª–∏–∑ –∫–æ–Ω–∫—É—Ä–µ–Ω—Ç–æ–≤,Competitor Analysis
PROJ_UPDATE_PLUGINS,–û–±–Ω–æ–≤–ª–µ–Ω–∏–µ –ø–ª–∞–≥–∏–Ω–æ–≤,Update Plugins
PROJ_SMOKE_TEST,–°–º–æ–∫-—Ç–µ—Å—Ç–∏—Ä–æ–≤–∞–Ω–∏–µ,Smoke Testing
PROJ_USER_STORY,–ù–∞–ø–∏—Å–∞–Ω–∏–µ User Story,Write User Story
PROJ_OPTIMIZE_DB,–û–ø—Ç–∏–º–∏–∑–∞—Ü–∏—è –ë–î,Optimize DB
PROJ_TEST_API_ENDPOINT,–¢–µ—Å—Ç–∏—Ä–æ–≤–∞–Ω–∏–µ API,Test API Endpoint
PROJ_GATHER_REQ,–°–±–æ—Ä —Ç—Ä–µ–±–æ–≤–∞–Ω–∏–π,Gather Requirements
PROJ_REFACTOR_CODE,–†–µ—Ñ–∞–∫—Ç–æ—Ä–∏–Ω–≥ –∫–æ–¥–∞,Refactor Code
PROJ_REGRESSION_TEST,–†–µ–≥—Ä–µ—Å—Å–∏–æ–Ω–Ω—ã–π —Ç–µ—Å—Ç,Regression Test
PROJ_CUSTDEV,–ü—Ä–æ–≤–µ–¥–µ–Ω–∏–µ CustDev,CustDev
PROJ_FAQ,–°—Ç—Ä–∞–Ω–∏—Ü–∞ FAQ,FAQ Page
PROJ_API,–†–∞–∑—Ä–∞–±–æ—Ç–∫–∞ REST API,REST API
PROJ_FORM_DESC,–ü—Ä–æ–µ–∫—Ç–∏—Ä–æ–≤–∞–Ω–∏–µ —Ñ–æ—Ä–º—ã,Form Design
PROJ_FILTERS,–§–∏–ª—å—Ç—Ä—ã –ø–æ–∏—Å–∫–∞,Search Filters
PROJ_MODULE_TEST,–¢–µ—Å—Ç —Ç—Ä–µ–±–æ–≤–∞–Ω–∏–π –º–æ–¥—É–ª—è,Test Module Reqs
PROJ_REPORT,–°–∏—Å—Ç–µ–º–∞ –æ—Ç—á–µ—Ç–æ–≤,Report System
PROJ_PAYMENT_GATEWAY,–ü–ª–∞—Ç–µ–∂–Ω—ã–π —à–ª—é–∑,Payment Gateway
PROJ_USER_ROLES,–†–æ–ª–µ–≤–∞—è –º–æ–¥–µ–ª—å,User Roles
PROJ_EMAIL_NOTIF,Email-—É–≤–µ–¥–æ–º–ª–µ–Ω–∏—è,Email Notifications
PROJ_DATA_EXPORT,–≠–∫—Å–ø–æ—Ä—Ç –¥–∞–Ω–Ω—ã—Ö,Data Export
PROJ_LOAD_TEST_PLAN,–ü–ª–∞–Ω –Ω–∞–≥—Ä—É–∑–æ—á–Ω–æ–≥–æ —Ç–µ—Å—Ç–∞,Load Test Plan
PROJ_PUSH_NOTIF,Push-—É–≤–µ–¥–æ–º–ª–µ–Ω–∏—è,Push Notifications
PROJ_ONBOARDING,–û–Ω–±–æ—Ä–¥–∏–Ω–≥ –ø–æ–ª—å–∑–æ–≤–∞—Ç–µ–ª–µ–π,User Onboarding
PROJ_SECURITY_AUDIT,–ê—É–¥–∏—Ç –±–µ–∑–æ–ø–∞—Å–Ω–æ—Å—Ç–∏,Security Audit
PROJ_ANALYTICS_SETUP,–ù–∞—Å—Ç—Ä–æ–π–∫–∞ –∞–Ω–∞–ª–∏—Ç–∏–∫–∏,Analytics Setup
PROJ_LANDING,Landing Page,Landing Page
PROJ_SITE_CARD,–°–∞–π—Ç-–≤–∏–∑–∏—Ç–∫–∞,Business Card Site
PROJ_CRM_TAXI,CRM –¥–ª—è —Ç–∞–∫—Å–∏,Taxi CRM
PROJ_AUTH_MODULE,–ú–æ–¥—É–ª—å –∞–≤—Ç–æ—Ä–∏–∑–∞—Ü–∏–∏,Auth Module
PROJ_SHOP,–ò–Ω—Ç–µ—Ä–Ω–µ—Ç-–º–∞–≥–∞–∑–∏–Ω,Online Store
PROJ_ORDERS,–°–∏—Å—Ç–µ–º–∞ –∑–∞–∫–∞–∑–æ–≤,Order System
PROJ_CHAT,–û–Ω–ª–∞–π–Ω-—á–∞—Ç,Live Chat
PROJ_DASHBOARD,–ê–¥–º–∏–Ω-–ø–∞–Ω–µ–ª—å,Admin Dashboard
PROJ_FORUM,–§–æ—Ä—É–º –ø–æ–ª—å–∑–æ–≤–∞—Ç–µ–ª–µ–π,User Forum
PROJ_BLOG,–ö–æ—Ä–ø–æ—Ä–∞—Ç–∏–≤–Ω—ã–π –±–ª–æ–≥,Corporate Blog
PROJ_PORTFOLIO,–ü–ª–∞—Ç—Ñ–æ—Ä–º–∞ –ø–æ—Ä—Ç—Ñ–æ–ª–∏–æ,Portfolio Platform
PROJ_SUPPORT_TICKETS,–°–∏—Å—Ç–µ–º–∞ —Ç–∏–∫–µ—Ç–æ–≤,Support Ticketing
PROJ_INVENTORY,–°–∏—Å—Ç–µ–º–∞ —Å–∫–ª–∞–¥–∞,Inventory System
PROJ_BOOKING,–°–∏—Å—Ç–µ–º–∞ –±—Ä–æ–Ω–∏—Ä–æ–≤–∞–Ω–∏—è,Booking System
PROJ_MOBILE_APP,MVP –º–æ–±. –ø—Ä–∏–ª–æ–∂–µ–Ω–∏—è,Mobile App MVP
DAY_SUMMARY_PROJ_COST_INFO, ¬∑ –ó–∞—Ç—Ä–∞—Ç—ã: $%d / –ü—Ä–∏–±—ã–ª—å: $%d, ¬∑ Cost: $%d / Profit: $%d
DAY_SUMMARY_PROJ_COST_LOST, ¬∑ –ü–æ—Ç–µ—Ä—è–Ω–æ –Ω–∞ –ó–ü: $%d, ¬∑ Salary lost: $%d
INCOME_PROJECT,–ü—Ä–æ–µ–∫—Ç: %s,Project: %s
INCOME_CLIENT_BONUS,–ë–æ–Ω—É—Å –æ—Ç %s,Bonus from %s
INCOME_CONTRACT_CANCEL,–ù–µ—É—Å—Ç–æ–π–∫–∞: %s,Penalty: %s
EXPENSE_CURE,–õ–µ—á–µ–Ω–∏–µ: %s,Treatment: %s
DAY_SUMMARY_INCOME_DETAILS,–î–µ—Ç–∞–ª–∏–∑–∞—Ü–∏—è –¥–æ—Ö–æ–¥–æ–≤:,Income details:
DAY_SUMMARY_EVENT_EXPENSES,–ü—Ä–æ—á–∏–µ —Ä–∞—Å—Ö–æ–¥—ã:,Other expenses:
DAY_SUMMARY_EMP_STATS_FULL,–í—Å–µ–≥–æ: %d ¬∑ –†–∞–±–æ—Ç–∞–ª–∏: %d ¬∑ –ü—Ä–æ—Å—Ç–æ–π: %d ¬∑ –û—Ç—Å—É—Ç—Å—Ç–≤—É—é—Ç: %d,Total: %d ¬∑ Worked: %d ¬∑ Idle: %d ¬∑ Absent: %d
DAY_SUMMARY_EMP_SICK,–ù–∞ –±–æ–ª—å–Ω–∏—á–Ω–æ–º,On sick leave
DAY_SUMMARY_EMP_DAYOFF,–í –æ—Ç–≥—É–ª–µ,On day off
DAY_SUMMARY_EMP_ON_SICK,–±–æ–ª—å–Ω–∏—á–Ω—ã–π,sick leave
DAY_SUMMARY_EMP_ON_DAYOFF,–æ—Ç–≥—É–ª,day off
MOOD_MOD_MOTIVATED,üî• –ó–∞–º–æ—Ç–∏–≤–∏—Ä–æ–≤–∞–Ω,üî• Motivated
MOOD_MOD_LOW_ENERGY,‚ö° –ú–∞–ª–æ —ç–Ω–µ—Ä–≥–∏–∏,‚ö° Low energy
MOOD_MOD_VERY_LOW_ENERGY,‚ö° –ö—Ä–∏—Ç–∏—á–µ—Å–∫–∏ –º–∞–ª–æ —ç–Ω–µ—Ä–≥–∏–∏,‚ö° Very low energy
LOG_NEW_DAY,–ù–∞—á–∞–ª–æ –Ω–æ–≤–æ–≥–æ —Ä–∞–±–æ—á–µ–≥–æ –¥–Ω—è.,Start of a new working day.
LOG_SICK_EXPRESS_CURE,üè• %s: —ç–∫—Å–ø—Ä–µ—Å—Å-–ª–µ—á–µ–Ω–∏–µ –∑–∞ $%d,üè• %s: express treatment for $%d
LOG_SICK_LEAVE,ü§í %s: –±–æ–ª—å–Ω–∏—á–Ω—ã–π –Ω–∞ %d –¥–Ω.,ü§í %s: sick leave for %d days
LOG_DAYOFF_ALLOWED,üè† %s –æ—Ç–ø—É—â–µ–Ω –¥–æ–º–æ–π,üè† %s was allowed to leave
LOG_DAYOFF_DENIED,üò§ %s: –æ—Ç–≥—É–ª –æ—Ç–∫–ª–æ–Ω—ë–Ω,üò§ %s: day off denied
LOG_SCOPE_EXPANDED,üì¶ –°–∫–æ—É–ø +%d%% –¥–ª—è ¬´%s¬ª,"üì¶ Scope +%d%% for ""%s"""
LOG_CONTRACT_CANCELLED,üíî –ö–æ–Ω—Ç—Ä–∞–∫—Ç —Ä–∞—Å—Ç–æ—Ä–≥–Ω—É—Ç: ¬´%s¬ª,"üíî Contract cancelled: ""%s"""
LOG_DISCUSSION_STARTED,ü§ù –û–±—Å—É–∂–¥–µ–Ω–∏–µ –Ω–∞—á–∞—Ç–æ: %s,ü§ù Discussion started: %s
LOG_DISCUSSION_FINISHED,‚úÖ –ü—Ä–æ–µ–∫—Ç –≤–∑—è—Ç: %s,‚úÖ Project taken: %s
LOG_HR_SEARCH_DONE,‚úÖ –ü–æ–∏—Å–∫ –∑–∞–≤–µ—Ä—à—ë–Ω: %s,‚úÖ Search complete: %s
LOG_PROJECT_FINISHED,üéâ –ü—Ä–æ–µ–∫—Ç –∑–∞–≤–µ—Ä—à—ë–Ω: ¬´%s¬ª,"üéâ Project finished: ""%s"""
LOG_STAGE_COMPLETED,‚úÖ –≠—Ç–∞–ø %s –∑–∞–≤–µ—Ä—à—ë–Ω: ¬´%s¬ª,"‚úÖ Stage %s completed: ""%s"""
LOG_PANEL_TITLE,üìã –ñ—É—Ä–Ω–∞–ª,üìã Journal
EMPLOYMENT_TYPE_FREELANCER,–§—Ä–∏–ª–∞–Ω—Å–µ—Ä,Freelancer
EMPLOYMENT_TYPE_CONTRACTOR,–ö–æ–Ω—Ç—Ä–∞–∫—Ç–Ω–∏–∫,Contractor
ROSTER_FIRE_SEVERANCE,üí∞ –ö–æ–º–ø–µ–Ω—Å–∞—Ü–∏—è –ø—Ä–∏ —É–≤–æ–ª—å–Ω–µ–Ω–∏–∏: $%d,üí∞ Severance pay: $%d
ROSTER_FIRE_SEVERANCE_WARNING,‚ö†Ô∏è –í–Ω–∏–º–∞–Ω–∏–µ! –ë–∞–ª–∞–Ω—Å —Å—Ç–∞–Ω–µ—Ç: $%d,‚ö†Ô∏è Warning! Balance will be: $%d
MOOD_MOD_COLLEAGUE_FIRED,–£–≤–æ–ª–∏–ª–∏ –∫–æ–ª–ª–µ–≥—É,Colleague was fired
LOG_HIRE_EMPLOYEE,üìã –ù–∞–Ω—è—Ç %s: %s (%s $%d/–º–µ—Å),üìã Hired %s: %s (%s $%d/mo)
LOG_FIRE_CONTRACTOR,üî• –£–≤–æ–ª–µ–Ω –∫–æ–Ω—Ç—Ä–∞–∫—Ç–Ω–∏–∫ %s. –ö–æ–º–ø–µ–Ω—Å–∞—Ü–∏—è: $%d,üî• Contractor %s fired. Severance: $%d
LOG_FIRE_FREELANCER,üî• –£–≤–æ–ª–µ–Ω —Ñ—Ä–∏–ª–∞–Ω—Å–µ—Ä %s (–±–µ–∑ –∫–æ–º–ø–µ–Ω—Å–∞—Ü–∏–∏),üî• Freelancer %s fired (no severance)
LOG_SEVERANCE_PAID,üí∞ –í—ã–ø–ª–∞—á–µ–Ω–∞ –∫–æ–º–ø–µ–Ω—Å–∞—Ü–∏—è %s: $%d,üí∞ Severance paid for %s: $%d
LOG_FREELANCER_SUDDEN_LEAVE,üö™ –§—Ä–∏–ª–∞–Ω—Å–µ—Ä %s –≤–Ω–µ–∑–∞–ø–Ω–æ –ø–æ–∫–∏–Ω—É–ª –∫–æ–º–ø–∞–Ω–∏—é!,üö™ Freelancer %s suddenly left the company!
LOG_FREELANCER_WARN_LEAVE,‚ö†Ô∏è –§—Ä–∏–ª–∞–Ω—Å–µ—Ä %s —Å–æ–±–∏—Ä–∞–µ—Ç—Å—è —É–π—Ç–∏ —á–µ—Ä–µ–∑ %d –¥–Ω.,‚ö†Ô∏è Freelancer %s is leaving in %d day(s).
LOG_FREELANCER_DEPARTED,üö™ –§—Ä–∏–ª–∞–Ω—Å–µ—Ä %s –ø–æ–∫–∏–Ω—É–ª –∫–æ–º–ø–∞–Ω–∏—é (–æ—Ç—Ä–∞–±–æ—Ç–∞–ª %d –¥–Ω.),üö™ Freelancer %s left the company (worked %d day(s))
EXPENSE_SEVERANCE,üí∞ –ö–æ–º–ø–µ–Ω—Å–∞—Ü–∏—è: %s,üí∞ Severance: %s
TOOLTIP_FREELANCER,"–§—Ä–∏–ª–∞–Ω—Å–µ—Ä: —á—É—Ç—å –¥–æ—Ä–æ–∂–µ –∫–æ–Ω—Ç—Ä–∞–∫—Ç–Ω–∏–∫–∞, –Ω–æ –º–æ–∂–µ—Ç —É–π—Ç–∏ –≤ –ª—é–±–æ–π –º–æ–º–µ–Ω—Ç. –ù–µ —Ä–∞—Å—Ç—ë—Ç –ø–æ –æ–ø—ã—Ç—É (–Ω–µ –ø–æ–ª—É—á–∞–µ—Ç XP). –ü—Ä–∏ —É–≤–æ–ª—å–Ω–µ–Ω–∏–∏ –Ω–µ —Ç—Ä–µ–±—É–µ—Ç –∫–æ–º–ø–µ–Ω—Å–∞—Ü–∏–∏.","Freelancer: slightly more expensive, but may leave at any time. Does not gain experience (no XP). No severance pay when fired."
TOOLTIP_CONTRACTOR,"–ö–æ–Ω—Ç—Ä–∞–∫—Ç–Ω–∏–∫: —Å—Ç–∞–±–∏–ª—å–Ω—ã–π —Å–æ—Ç—Ä—É–¥–Ω–∏–∫, —Ä–∞—Å—Ç—ë—Ç –ø–æ –æ–ø—ã—Ç—É (–ø–æ–ª—É—á–∞–µ—Ç XP). –ü—Ä–∏ —É–≤–æ–ª—å–Ω–µ–Ω–∏–∏ —Ç—Ä–µ–±—É–µ—Ç—Å—è –∫–æ–º–ø–µ–Ω—Å–∞—Ü–∏—è: $%d‚Äì$%d.","Contractor: stable employee, gains experience (earns XP). Cannot leave on their own. Severance pay when fired: $%d‚Äì$%d."
FREE_CAMERA_HINT,–°–≤–æ–±–æ–¥–Ω–∞—è –∫–∞–º–µ—Ä–∞ ‚Äî WASD –¥–ª—è –æ–±–∑–æ—Ä–∞,Free camera ‚Äî WASD to look around
ROSTER_EFF_BREAKDOWN_AURA,üëÅÔ∏è –ê—É—Ä–∞ PM: %s,üëÅÔ∏è PM Aura: %s
MOOD_MOD_MICROMANAGEMENT,üò† –ú–∏–∫—Ä–æ–º–µ–Ω–µ–¥–∂–º–µ–Ω—Ç,üò† Micromanagement
